country,panel,variable,date,value,baseline,mad,score
Sri Lanka,Civic_Related,arrestNorm,2017-10-01,0.05411764705882353,0.01338055883510429,0.004874951539174412,5.636320557052087
Sri Lanka,Civic_Related,arrestNorm,2019-05-01,0.06259541984732825,0.02620491560382944,0.004307766472821779,5.697861989453589
Sri Lanka,Civic_Related,arrestNorm,2023-06-01,0.02854122621564482,0.014568101102431296,0.0026187403439829043,3.5989607719330277
Sri Lanka,Civic_Related,arrestNorm,2024-05-01,0.03875379939209726,0.015512183922225763,0.0030951384529538956,5.064799235322002
Sri Lanka,Civic_Related,arrestNorm,2024-12-01,0.035555555555555556,0.018014608898788656,0.002577499870968827,4.590187012507609
Sri Lanka,Civic_Related,arrestNorm,2025-01-01,0.047841306884480746,0.018539990676213584,0.0029826102367459216,6.626231875519968
Sri Lanka,Civic_Related,arrestNorm,2025-03-01,0.04505632040050062,0.020846381016271134,0.0037767548541107095,4.323653780275941
Sri Lanka,Civic_Related,arrestNorm,2025-07-01,0.06287787182587666,0.026225894640486656,0.006052059191738755,4.084794802046555
Sri Lanka,Civic_Related,protestNorm,2022-04-01,0.12321095208462975,0.032682846059229824,0.010837339096879593,5.634258598093596
Sri Lanka,Civic_Related,legalactionNorm,2025-10-01,0.5,0.09548138717262711,0.038392270481101866,7.106744742347492
Sri Lanka,Civic_Related,disasterNorm,2014-06-01,0.042105263157894736,0.006127312990278872,0.00517946272125009,4.685195403261711
Sri Lanka,Civic_Related,disasterNorm,2014-10-01,0.0954356846473029,0.008415618154398247,0.00565712747136066,10.375271025028866
Sri Lanka,Civic_Related,disasterNorm,2016-05-01,0.14698162729658792,0.005588374934815264,0.0049342156202858665,19.32798432607465
Sri Lanka,Civic_Related,disasterNorm,2017-04-01,0.06593406593406594,0.012177994603984181,0.004476023980145402,8.100486846973292
Sri Lanka,Civic_Related,disasterNorm,2017-05-01,0.14516129032258066,0.013533140894475298,0.005375945101305462,16.51467208151033
Sri Lanka,Civic_Related,disasterNorm,2019-12-01,0.02284263959390863,0.008788188880093192,0.0020962635178914885,4.522140014878823
Sri Lanka,Civic_Related,disasterNorm,2020-05-01,0.031088082901554404,0.009656950429574221,0.0015981898292586607,9.044670759902536
Sri Lanka,Civic_Related,disasterNorm,2020-09-01,0.02911392405063291,0.012287007941147813,0.0026912511734125608,4.217220428349703
Sri Lanka,Civic_Related,disasterNorm,2020-11-01,0.06132075471698113,0.013281341297507777,0.0034563482549158043,9.37467467175122
Sri Lanka,Civic_Related,disasterNorm,2020-12-01,0.06842923794712286,0.01363761920251132,0.004439587761336955,8.324295526230543
Sri Lanka,Civic_Related,disasterNorm,2021-05-01,0.07537688442211055,0.02516316285733851,0.006568486511605253,5.156239741762415
Sri Lanka,Civic_Related,disasterNorm,2021-06-01,0.065625,0.02516316285733851,0.006568486511605253,4.154858994679196
Sri Lanka,Civic_Related,disasterNorm,2025-10-01,0.5,0.012141912714424212,0.006892607279007609,47.74039176905263
Sri Lanka,Civic_Related,censorNorm,2014-07-01,0.018292682926829267,0.0027764888446003,0.0029362320383992213,3.5642719627889075
Sri Lanka,Civic_Related,electionactivityNorm,2013-09-01,0.16707616707616707,0.02976700693524507,0.017899504105000724,5.174096397490123
Sri Lanka,Civic_Related,electionactivityNorm,2015-07-01,0.1388888888888889,0.051460662490048804,0.016581461152403054,3.5563531031099305
Sri Lanka,Civic_Related,electionactivityNorm,2015-08-01,0.202991452991453,0.052995687677768605,0.023117341734432785,4.376401007820395
Sri Lanka,Civic_Related,electionactivityNorm,2018-01-01,0.0641025641025641,0.02234222554276171,0.006788803298174575,4.149032050873326
Sri Lanka,Civic_Related,electionactivityNorm,2018-02-01,0.09219858156028368,0.025997844117735126,0.009630773550470307,4.636365442665271
Sri Lanka,Civic_Related,electionactivityNorm,2019-08-01,0.09823399558498896,0.038501258125393165,0.00956110784254775,4.213861000024342
Sri Lanka,Civic_Related,electionactivityNorm,2019-09-01,0.13933547695605572,0.040710520363959016,0.011437159884982995,5.816271044920209
Sri Lanka,Civic_Related,electionactivityNorm,2019-10-01,0.16684378320935175,0.04606955071485862,0.015108323787369956,5.391802886069484
Sri Lanka,Civic_Related,electionactivityNorm,2019-11-01,0.1921768707482993,0.04988894512508836,0.015108323787369956,6.352252729596521
Sri Lanka,Civic_Related,electionactivityNorm,2022-07-01,0.07436787307882994,0.016578327444051827,0.003490449113822366,11.167191743507113
Sri Lanka,Civic_Related,electionactivityNorm,2022-12-01,0.0457280385078219,0.01787734181689643,0.00467044408459498,4.022109508809943
Sri Lanka,Civic_Related,electionactivityNorm,2023-01-01,0.06661115736885928,0.019444998582573,0.004913104588634854,6.475159990476706
Sri Lanka,Civic_Related,electionactivityNorm,2023-02-01,0.04923599320882852,0.020039730760696133,0.005103969436664913,3.8582929378563353
Sri Lanka,Civic_Related,electionactivityNorm,2024-07-01,0.10572337042925278,0.02899385560675883,0.0077025925105389074,6.718951918601978
Sri Lanka,Civic_Related,electionactivityNorm,2024-08-01,0.18648473034437946,0.032177814810558175,0.0077025925105389074,13.512150423184746
Sri Lanka,Civic_Related,electionactivityNorm,2024-09-01,0.21883974727168293,0.035314880447623806,0.009153692084195308,13.523049024199562
Sri Lanka,Civic_Related,electionactivityNorm,2024-10-01,0.116410670978173,0.03975714845280062,0.011807729504876461,4.378665060318524
Sri Lanka,Civic_Related,electionactivityNorm,2024-11-01,0.26783004552352047,0.04661678133200936,0.0182332649983805,8.183191687505323
Sri Lanka,Civic_Related,electionirregularitiesNorm,2019-09-01,0.021436227224008574,0.00447348244941498,0.0024977901341378126,4.580534789313899
Sri Lanka,Civic_Related,electionirregularitiesNorm,2019-10-01,0.022316684378320937,0.00447348244941498,0.0024977901341378126,4.8182890371917875
Sri Lanka,Civic_Related,electionirregularitiesNorm,2020-03-01,0.034161490683229816,0.0030452900618077004,0.004360742012596792,4.812848301629095
Sri Lanka,Civic_Related,electionirregularitiesNorm,2020-05-01,0.05699481865284974,0.00447348244941498,0.004467523049829068,7.929484761345711
Sri Lanka,Civic_Related,electionirregularitiesNorm,2022-10-01,0.011739594450373533,0.003384926453799591,0.0014510799288008818,3.883415551644103
Sri Lanka,Civic_Related,electionirregularitiesNorm,2022-12-01,0.013237063778580024,0.003718753025016018,0.0014510799288008818,4.424299807117371
Sri Lanka,Civic_Related,electionirregularitiesNorm,2023-01-01,0.02997502081598668,0.003718753025016018,0.0022080949987999237,8.020311631962235
Sri Lanka,Civic_Related,electionirregularitiesNorm,2023-02-01,0.06027164685908319,0.003718753025016018,0.0022080949987999237,17.274802186260242
Sri Lanka,Civic_Related,electionirregularitiesNorm,2023-03-01,0.035625517812758904,0.004019981495641842,0.0029024769724848003,7.344637837366695
Sri Lanka,Civic_Related,electionirregularitiesNorm,2024-05-01,0.02507598784194529,0.004571167361865036,0.0031157416834388667,4.438850631312914
Sri Lanka,Civic_Related,electionirregularitiesNorm,2024-07-01,0.02782193958664547,0.005562592519114258,0.003836571379406266,3.9133180186929604
Sri Lanka,Civic_Related,electionirregularitiesNorm,2024-08-01,0.043534762833008445,0.007128116208531753,0.003836571379406266,6.4004926022097095
Sri Lanka,Civic_Related,electionirregularitiesNorm,2024-09-01,0.030442274554853533,0.008137752483868513,0.004217388298751809,3.567182570282583
Sri Lanka,Civic_Related,activismNorm,2014-07-01,0.03048780487804878,0.005088581404370878,0.002784004024976171,6.153562055652346
Sri Lanka,Civic_Related,activismNorm,2020-05-01,0.025906735751295335,0.00867637467389123,0.002775410045394797,4.187388219783247
Sri Lanka,Civic_Related,activismNorm,2024-07-01,0.02782193958664547,0.009218391166200018,0.002405076362981381,5.217265321052513
Sri Lanka,Civic_Related,martiallawNorm,2015-01-01,0.0035398230088495575,0.0,0.0006345177664974619,3.7628227856110237
Sri Lanka,Civic_Related,martiallawNorm,2018-03-01,0.05650684931506849,0.0028661636870592096,0.0018467407896869906,19.591350876163588
Sri Lanka,Civic_Related,martiallawNorm,2019-04-01,0.014452473596442469,0.0007886435331230284,0.002097030851024461,4.3948457469116935
Sri Lanka,Civic_Related,martiallawNorm,2019-05-01,0.025954198473282442,0.0007886435331230284,0.0023300493912385895,7.2847959052126505
Sri Lanka,Civic_Related,martiallawNorm,2020-03-01,0.05434782608695652,0.0028695590882474135,0.0022350413217499514,15.53511117070201
Sri Lanka,Civic_Related,martiallawNorm,2020-10-01,0.0340599455040872,0.0028695590882474135,0.0028108713487463135,7.4843793300505626
Sri Lanka,Civic_Related,martiallawNorm,2021-08-01,0.04305043050430504,0.006185983827493262,0.0069996361754108205,3.552288720958825
Sri Lanka,Civic_Related,martiallawNorm,2024-09-01,0.0080413555427915,0.0008944664618767432,0.0011234715900134901,4.29072767565337
Sri Lanka,Civic_Related,cooperateNorm,2024-04-01,0.09671694764862467,0.056171679197994984,0.007226140952130814,3.784510860168533
Sri Lanka,Civic_Related,coupNorm,2018-10-01,0.01810436634717785,0.0015416640952484939,0.0021190148548039943,5.271973245285192
Sri Lanka,Civic_Related,coupNorm,2018-11-01,0.03896103896103896,0.0019807551416551484,0.0021190148548039943,11.770969732679582
Sri Lanka,Civic_Related,coupNorm,2018-12-01,0.02576112412177986,0.0026745704103595495,0.0021190148548039943,7.348540814242404
Sri Lanka,Civic_Related,coupNorm,2022-04-01,0.012445550715619166,0.001905658339376919,0.0012811827264190168,5.548825992622818
Sri Lanka,Civic_Related,coupNorm,2022-07-01,0.018839861179970253,0.0024845065553936937,0.0012811827264190168,8.610431076504986
Sri Lanka,Civic_Related,violencenonlethalNorm,2013-08-01,0.07386363636363637,0.03414965986394558,0.00724295916992319,3.698310254508332
Sri Lanka,Civic_Related,violencenonlethalNorm,2018-03-01,0.06335616438356165,0.022077720666430344,0.005380921022407484,5.1741939227205
Sri Lanka,Civic_Related,violencenonlethalNorm,2019-04-01,0.16064480266814898,0.012698924622811702,0.0054195286977548746,18.412694758046044
Sri Lanka,Civic_Related,violencenonlethalNorm,2019-05-01,0.0648854961832061,0.012698924622811702,0.0054195286977548746,6.494911688692043
Sri Lanka,Civic_Related,violencenonlethalNorm,2022-05-01,0.03341584158415842,0.012012708066779159,0.003966445330189456,3.6395852153662647
Sri Lanka,Civic_Related,violencelethalNorm,2014-06-01,0.06315789473684211,0.01653343023255814,0.005528961192735288,5.687826225838675
Sri Lanka,Civic_Related,violencelethalNorm,2019-04-01,0.1689827682045581,0.010461184183228911,0.0021720457771661796,49.22610044594786
Sri Lanka,Civic_Related,violencelethalNorm,2020-11-01,0.029874213836477988,0.007090595069869681,0.002046379976335734,7.509524381210833
Sri Lanka,Civic_Related,violencelethalNorm,2020-12-01,0.02177293934681182,0.007433831990794016,0.002046379976335734,4.726197247148071
Sri Lanka,Civic_Related,corruptionNorm,2022-12-01,0.04091456077015644,0.01896700556301554,0.003816708226412644,3.8785839268182234
Sri Lanka,Civic_Related,corruptionNorm,2023-11-01,0.05722599418040737,0.02496732219029245,0.004534784924703992,4.798061326301875
Sri Lanka,Civic_Related,legalchangeNorm,2023-04-01,0.08493771234428087,0.033334436336940415,0.0073643949235332705,4.726244747473745
Sri Lanka,Civic_Related,mobilizesecurityNorm,2020-04-01,0.015873015873015872,0.0026894900784494693,0.0013600923648225615,6.537913568036575
Sri Lanka,Civic_Related,mobilizesecurityNorm,2022-05-01,0.019183168316831683,0.0043828870035965365,0.0019858589220959543,5.026869165960261
Sri Lanka,Civic_Related,mobilizesecurityNorm,2023-12-01,0.014285714285714285,0.004486553513410259,0.0012690539623348236,5.208165757888226
Sri Lanka,Civic_Related,purgeNorm,2017-08-01,0.06329113924050633,0.018530762167125805,0.0062406239898702255,4.837731094789293
Sri Lanka,Civic_Related,purgeNorm,2022-04-01,0.0640945861854387,0.020949135273862184,0.005034109659651707,5.780805330196724
Sri Lanka,Civic_Related,purgeNorm,2022-07-01,0.060981655924640554,0.022268974665680195,0.005790880879829017,4.509045571060425
Sri Lanka,Civic_Related,threatenNorm,2022-11-01,0.013029315960912053,0.006228594661448433,0.001176009089090766,3.90050018899968
Sri Lanka,Civic_Related,threatenNorm,2025-03-01,0.015018773466833541,0.003936599137837528,0.001520625323587708,4.915625212778071
Sri Lanka,Civic_Related,raidNorm,2022-07-01,0.008924144769459593,0.0003094059405940594,0.0012877426049137516,4.5122074187824195
Sri Lanka,Civic_Related,raidNorm,2025-09-01,0.011111111111111112,0.0,0.0003248862897985705,23.067583974099556
Sri Lanka,Civic_Related,-999Norm,2016-01-01,0.7203647416413373,0.640666482300885,0.014523628257387289,3.7012610429602595
Sri Lanka,Civic_Related,-999Norm,2022-09-01,0.710720887245841,0.6463294501301258,0.011344306983515573,3.8284779658271306
Sri Lanka,Civic_Related,defamationcaseNorm,2025-01-01,0.004667444574095682,0.0007768189505224228,0.000649772579597141,4.038629997760182
Sri Lanka,Civic_Related,arrest_normNorm,2017-10-01,2.4520909405900942e-05,6.512092061880854e-06,2.177201955292773e-06,5.5790786234205765
Sri Lanka,Civic_Related,arrest_normNorm,2019-05-01,1.6831250295060003e-05,9.044024283765591e-06,1.2601719819035717e-06,4.168012034865079
Sri Lanka,Civic_Related,arrest_normNorm,2019-12-01,1.9768247381566625e-05,9.003744755039964e-06,1.2920977921594492e-06,5.6192012679004675
Sri Lanka,Civic_Related,arrest_normNorm,2023-06-01,6.580868391894081e-06,3.2184369855320648e-06,4.832307825395405e-07,4.693262505021601
Sri Lanka,Civic_Related,arrest_normNorm,2023-11-01,6.224638765316198e-06,3.2613940250054588e-06,4.863330531476663e-07,4.109696395240388
Sri Lanka,Civic_Related,arrest_normNorm,2024-05-01,8.590955307492174e-06,3.543837460885211e-06,6.496293793104827e-07,5.240271542427878
Sri Lanka,Civic_Related,arrest_normNorm,2024-12-01,1.0375125636287e-05,4.522081065012716e-06,1.0147644366684494e-06,3.89038513321394
Sri Lanka,Civic_Related,arrest_normNorm,2025-01-01,1.3972344300373979e-05,4.737907765435235e-06,1.1872491885834756e-06,5.246196141199824
Sri Lanka,Civic_Related,arrest_normNorm,2025-03-01,1.3294871761729287e-05,5.602429707946654e-06,1.4128416384903214e-06,3.6723727144888296
Sri Lanka,Civic_Related,protest_normNorm,2014-06-01,5.340842882113001e-05,2.7314989349829556e-05,4.5284399700584475e-06,3.8865004113385324
Sri Lanka,Civic_Related,protest_normNorm,2022-04-01,2.9045486111416678e-05,7.101576296299864e-06,2.9151355246443294e-06,5.077281749667502
Sri Lanka,Civic_Related,legalaction_normNorm,2025-09-01,0.00028344671201814,2.575874538338752e-05,1.2609556427268757e-05,13.783843494096704
Sri Lanka,Civic_Related,legalaction_normNorm,2025-10-01,0.125,2.8784284825638655e-05,1.563509586951989e-05,5391.200086260151
Sri Lanka,Civic_Related,disaster_normNorm,2014-06-01,3.884249368809474e-05,4.239024443091378e-06,3.6545342272640643e-06,6.386510236370231
Sri Lanka,Civic_Related,disaster_normNorm,2014-10-01,7.154099298898257e-05,5.824408572882755e-06,4.7713316415261975e-06,9.289907359875892
Sri Lanka,Civic_Related,disaster_normNorm,2016-05-01,6.19652728906357e-05,2.7835049984369147e-06,3.423589948259734e-06,11.659560921735816
Sri Lanka,Civic_Related,disaster_normNorm,2017-04-01,3.669118861105495e-05,5.258531104516808e-06,2.108380795606031e-06,10.055601473005547
Sri Lanka,Civic_Related,disaster_normNorm,2017-05-01,6.51239525897625e-05,5.64717368967604e-06,2.562109897014228e-06,15.65761789464649
Sri Lanka,Civic_Related,disaster_normNorm,2019-12-01,7.735401149308629e-06,2.994627155108109e-06,4.436605169095133e-07,7.2073311236468856
Sri Lanka,Civic_Related,disaster_normNorm,2020-05-01,1.0222980237275301e-05,3.1789055335864075e-06,6.594394772668659e-07,7.2048511811771085
Sri Lanka,Civic_Related,disaster_normNorm,2020-09-01,8.11424862057772e-06,3.869699104519954e-06,6.764957263447885e-07,4.231969715744638
Sri Lanka,Civic_Related,disaster_normNorm,2020-11-01,1.8885357165685533e-05,3.942926464191579e-06,7.855194349223044e-07,12.830403659298279
Sri Lanka,Civic_Related,disaster_normNorm,2020-12-01,2.189035123068538e-05,4.319513389919064e-06,1.191110702334951e-06,9.949845750379179
Sri Lanka,Civic_Related,disaster_normNorm,2021-05-01,2.0955486355882747e-05,7.794257816536712e-06,2.1354703830941074e-06,4.156989065934212
Sri Lanka,Civic_Related,disaster_normNorm,2024-11-01,1.2871035332767298e-05,2.5004855937268633e-06,1.9750735172887314e-06,3.541559293082572
Sri Lanka,Civic_Related,disaster_normNorm,2025-10-01,0.125,3.6438530933735356e-06,1.965624805651307e-06,42891.647961981434
Sri Lanka,Civic_Related,censor_normNorm,2014-05-01,1.6803333781422093e-05,1.8077469838540264e-06,1.8246159786682633e-06,5.5432950528423515
Sri Lanka,Civic_Related,censor_normNorm,2014-07-01,1.655446418717561e-05,1.8077469838540264e-06,1.8246159786682633e-06,5.451297479875541
Sri Lanka,Civic_Related,censor_normNorm,2023-04-01,1.178462883722197e-06,2.4069403270348557e-07,1.696583393329936e-07,3.7281776246533065
Sri Lanka,Civic_Related,electionactivity_normNorm,2013-09-01,0.00012063261160734079,1.9627022266105914e-05,1.1678222283098458e-05,5.833707820816979
Sri Lanka,Civic_Related,electionactivity_normNorm,2014-03-01,8.500510030601821e-05,2.045423243539067e-05,1.1659777452523493e-05,3.7341162018070855
Sri Lanka,Civic_Related,electionactivity_normNorm,2014-11-01,0.00010228649660880919,1.7766359738691173e-05,1.432187080963626e-05,3.9804891460293472
Sri Lanka,Civic_Related,electionactivity_normNorm,2018-02-01,4.824624885415154e-05,1.2826682476704247e-05,4.266375668917496e-06,5.599640556809601
Sri Lanka,Civic_Related,electionactivity_normNorm,2019-08-01,3.3991001932522075e-05,1.3032345412560647e-05,2.7325683154653237e-06,5.173308961298782
Sri Lanka,Civic_Related,electionactivity_normNorm,2019-09-01,4.6882731142683604e-05,1.3616942559767181e-05,2.7325683154653237e-06,8.211127560431482
Sri Lanka,Civic_Related,electionactivity_normNorm,2019-10-01,5.461334965936227e-05,1.544479066253781e-05,4.669392807266389e-06,5.657872917493608
Sri Lanka,Civic_Related,electionactivity_normNorm,2019-11-01,6.199253895106429e-05,1.7317530989711907e-05,4.669392807266389e-06,6.453275895440515
Sri Lanka,Civic_Related,electionactivity_normNorm,2022-07-01,1.459624594285176e-05,3.5210044124477414e-06,1.1773634667854284e-06,6.34481048713426
Sri Lanka,Civic_Related,electionactivity_normNorm,2022-12-01,1.0182150636344164e-05,3.8861229839184836e-06,1.1050065316263217e-06,3.8430654945724
Sri Lanka,Civic_Related,electionactivity_normNorm,2023-01-01,1.3359638461463945e-05,4.282621983253929e-06,1.2333335111513506e-06,4.964077990919138
Sri Lanka,Civic_Related,electionactivity_normNorm,2024-07-01,2.7910076670869237e-05,6.701665593321604e-06,1.955475181851515e-06,7.3152947313003285
Sri Lanka,Civic_Related,electionactivity_normNorm,2024-08-01,4.930849559608129e-05,7.439463655077386e-06,1.955475181851515e-06,14.441643348139364
Sri Lanka,Civic_Related,electionactivity_normNorm,2024-09-01,5.6228095393546474e-05,7.980691913170572e-06,2.290917183067597e-06,14.204977838909617
Sri Lanka,Civic_Related,electionactivity_normNorm,2024-10-01,3.2219947682859905e-05,9.765373542858685e-06,3.5911926965468277e-06,4.217374016152421
Sri Lanka,Civic_Related,electionactivity_normNorm,2024-11-01,7.833578400804924e-05,1.1810794698367798e-05,5.347495568561417e-06,8.39093553016828
Sri Lanka,Civic_Related,electionactivity_normNorm,2025-05-01,5.174267719845736e-05,1.531617506254464e-05,6.821924882726602e-06,3.6015258908725567
Sri Lanka,Civic_Related,electionirregularities_normNorm,2013-09-01,1.9514098936481573e-05,2.0763648811348003e-06,3.3590623471486293e-06,3.5014504855873443
Sri Lanka,Civic_Related,electionirregularities_normNorm,2014-02-01,2.1734615514651392e-05,2.0808798898354727e-06,3.2381176141749632e-06,4.093817658168002
Sri Lanka,Civic_Related,electionirregularities_normNorm,2019-09-01,7.212727868105144e-06,1.2960731869429087e-06,1.0928083188102072e-06,3.651810514951759
Sri Lanka,Civic_Related,electionirregularities_normNorm,2019-10-01,7.30497033660255e-06,1.2960731869429087e-06,1.0928083188102072e-06,3.7087433654452004
Sri Lanka,Civic_Related,electionirregularities_normNorm,2020-03-01,9.5932296218e-06,9.188270196267079e-07,1.430947364022351e-06,4.088762833804856
Sri Lanka,Civic_Related,electionirregularities_normNorm,2020-05-01,1.8742130435004836e-05,1.271848998357992e-06,1.430947364022351e-06,8.23478465437792
Sri Lanka,Civic_Related,electionirregularities_normNorm,2022-10-01,2.706846772048239e-06,7.481892756705069e-07,3.643915645930296e-07,3.625485633186401
Sri Lanka,Civic_Related,electionirregularities_normNorm,2022-12-01,2.9474646578890493e-06,8.578710081115063e-07,3.643915645930296e-07,3.8678491622330102
Sri Lanka,Civic_Related,electionirregularities_normNorm,2023-01-01,6.011837307658701e-06,9.283209272807629e-07,4.920110235311288e-07,6.968918703497084
Sri Lanka,Civic_Related,electionirregularities_normNorm,2023-02-01,1.3900287559751612e-05,9.283209272807629e-07,4.920110235311288e-07,17.783080474591742
Sri Lanka,Civic_Related,electionirregularities_normNorm,2023-03-01,7.635130264200331e-06,9.497374489178638e-07,6.325379688944266e-07,7.1287984265366
Sri Lanka,Civic_Related,electionirregularities_normNorm,2024-05-01,5.55885343425965e-06,1.0424756760358647e-06,7.841276463715081e-07,3.8848969020846043
Sri Lanka,Civic_Related,electionirregularities_normNorm,2024-07-01,7.344757018649762e-06,1.368624604060576e-06,8.99623405472206e-07,4.480592730836294
Sri Lanka,Civic_Related,electionirregularities_normNorm,2024-08-01,1.1511042525914424e-05,1.7230771713657524e-06,8.99623405472206e-07,7.33850647455626
Sri Lanka,Civic_Related,electionirregularities_normNorm,2024-09-01,7.82175605212062e-06,1.8539656539288963e-06,1.012724146704197e-06,3.974645505563502
Sri Lanka,Civic_Related,activism_normNorm,2014-05-01,1.6803333781422093e-05,2.9814876339283393e-06,1.6739693255478094e-06,5.569222424276407
Sri Lanka,Civic_Related,activism_normNorm,2014-07-01,2.7590773645292684e-05,3.615493967708053e-06,1.814589151228655e-06,8.91171678583464
Sri Lanka,Civic_Related,activism_normNorm,2020-05-01,8.519150197729362e-06,3.0021190569882453e-06,9.311509007691549e-07,3.9963302630118327
Sri Lanka,Civic_Related,activism_normNorm,2024-07-01,7.344757018649762e-06,2.1097097220947053e-06,5.413483641477377e-07,6.522585567443747
Sri Lanka,Civic_Related,activism_normNorm,2025-01-01,4.430255509874679e-06,2.1008599974268658e-06,3.7372244477387155e-07,4.204071150350519
Sri Lanka,Civic_Related,activism_normNorm,2025-09-01,5.6689342403627775e-05,2.6394662577805093e-06,8.411448051713302e-07,43.34110106499771
Sri Lanka,Civic_Related,martiallaw_normNorm,2018-03-01,2.5305351238275172e-05,1.4956772313400706e-06,7.487435332545193e-07,21.448472528401464
Sri Lanka,Civic_Related,martiallaw_normNorm,2019-05-01,6.9788110979516795e-06,2.792734422126997e-07,1.0587718428146073e-06,4.2679414571026495
Sri Lanka,Civic_Related,martiallaw_normNorm,2020-03-01,1.5261956216500002e-05,9.332385000140048e-07,7.659004110167829e-07,12.618595780733443
Sri Lanka,Civic_Related,martiallaw_normNorm,2020-04-01,8.3927694002678e-06,1.5125156275554374e-06,1.315463298940071e-06,3.5277818820849425
Sri Lanka,Civic_Related,martiallaw_normNorm,2020-10-01,9.578162402724114e-06,9.332385000140048e-07,9.096074210328576e-07,6.410371280981098
Sri Lanka,Civic_Related,martiallaw_normNorm,2024-09-01,2.0661242401827684e-06,2.0365492088350143e-07,2.559029099986252e-07,4.908964676027986
Sri Lanka,Civic_Related,cooperate_normNorm,2014-09-01,6.913018276956764e-05,3.207555925041268e-05,6.753495342874773e-06,3.7007504841063996
Sri Lanka,Civic_Related,cooperate_normNorm,2022-03-01,1.8570011386348993e-05,1.0013179480658543e-05,1.5585159212354549e-06,3.703205063319193
Sri Lanka,Civic_Related,cooperate_normNorm,2024-04-01,2.533847200645129e-05,1.3090208260096024e-05,1.4785523947013513e-06,5.58745212287015
Sri Lanka,Civic_Related,cooperate_normNorm,2024-06-01,2.847193148771052e-05,1.3226497056904874e-05,2.192692542567183e-06,4.689624490511384
Sri Lanka,Civic_Related,cooperate_normNorm,2025-09-01,0.00014172335600907,1.5592000970850112e-05,2.631422330390689e-06,32.330208826992035
Sri Lanka,Civic_Related,coup_normNorm,2018-04-01,5.704148627296469e-06,0.0,1.0941125594787864e-06,3.5164531349730566
Sri Lanka,Civic_Related,coup_normNorm,2018-10-01,5.440013926435569e-06,5.230208341155972e-07,9.02854012480498e-07,3.673314134218025
Sri Lanka,Civic_Related,coup_normNorm,2018-11-01,1.2539761493736364e-05,8.978150941889407e-07,9.02854012480498e-07,8.697292319987524
Sri Lanka,Civic_Related,coup_normNorm,2018-12-01,9.706527551537236e-06,1.3005334317019647e-06,9.02854012480498e-07,6.27982517623906
Sri Lanka,Civic_Related,coup_normNorm,2022-04-01,2.93388748600168e-06,4.6190353868276806e-07,2.3697068155831755e-07,7.036019473281388
Sri Lanka,Civic_Related,coup_normNorm,2022-07-01,3.697715638855776e-06,5.706887732946882e-07,2.3697068155831755e-07,8.900471195787828
Sri Lanka,Civic_Related,violencenonlethal_normNorm,2013-08-01,5.190698268702472e-05,2.1539252497234623e-05,3.821958999082753e-06,5.359228972421627
Sri Lanka,Civic_Related,violencenonlethal_normNorm,2014-06-01,5.340842882113001e-05,2.2333842799117013e-05,5.171757382289097e-06,4.052688395280317
Sri Lanka,Civic_Related,violencenonlethal_normNorm,2018-03-01,2.837266653988425e-05,9.87008405877768e-06,3.5315028241565512e-06,3.533855565566634
Sri Lanka,Civic_Related,violencenonlethal_normNorm,2019-04-01,3.9991237905936966e-05,4.440216526687552e-06,2.9993893666713026e-06,7.994572387535708
Sri Lanka,Civic_Related,violencenonlethal_normNorm,2025-09-01,2.8344671201813335e-05,3.649280483678632e-06,1.0073682773862247e-06,16.534978532642157
Sri Lanka,Civic_Related,violencelethal_normNorm,2014-04-01,3.9138943248532e-05,8.94684038920493e-06,3.890336866264801e-06,5.2345838131326685
Sri Lanka,Civic_Related,violencelethal_normNorm,2014-06-01,5.8263740532142105e-05,1.1591190872344332e-05,4.390231490170418e-06,7.170511062395964
Sri Lanka,Civic_Related,violencelethal_normNorm,2017-04-01,1.8345594305527474e-05,5.258531104516808e-06,2.0786117548673706e-06,4.2466339262721595
Sri Lanka,Civic_Related,violencelethal_normNorm,2019-04-01,4.2066907693442355e-05,3.870647374330462e-06,1.2257261778497108e-06,21.018580737991208
Sri Lanka,Civic_Related,violencelethal_normNorm,2020-11-01,9.200558619180032e-06,2.2803552476125427e-06,7.463759207596558e-07,6.253702856692361
Sri Lanka,Civic_Related,violencelethal_normNorm,2020-12-01,6.96511175521804e-06,2.2945172476436106e-06,7.463759207596558e-07,4.220758935275896
Sri Lanka,Civic_Related,corruption_normNorm,2023-11-01,1.3116203112630552e-05,5.780409642942464e-06,1.0892061965464384e-06,4.542688909062234
Sri Lanka,Civic_Related,corruption_normNorm,2024-12-01,1.783224718736822e-05,6.402576612488529e-06,1.965729484385213e-06,3.9218047284003426
Sri Lanka,Civic_Related,corruption_normNorm,2025-09-01,0.00014172335600907,1.6493897046312465e-05,8.276318982554932e-06,10.205758509631346
Sri Lanka,Civic_Related,legalchange_normNorm,2023-04-01,2.2096179069792075e-05,7.1375679510879055e-06,2.0428857817887617e-06,4.938819910595023
Sri Lanka,Civic_Related,mobilizesecurity_normNorm,2020-04-01,5.340853254715873e-06,9.494863836898811e-07,5.7164487000292e-07,5.181427371094139
Sri Lanka,Civic_Related,mobilizesecurity_normNorm,2022-05-01,4.036862019535272e-06,1.1225567067510014e-06,5.516668327714559e-07,3.5631505956075413
Sri Lanka,Civic_Related,mobilizesecurity_normNorm,2023-12-01,3.3876486330836903e-06,1.0319531487394031e-06,2.613608476906853e-07,6.079314673066049
Sri Lanka,Civic_Related,purge_normNorm,2017-08-01,2.9006021650094433e-05,8.442177969506392e-06,3.530978213685975e-06,3.928124644926325
Sri Lanka,Civic_Related,purge_normNorm,2022-04-01,1.510952055290865e-05,5.057597087790861e-06,1.1917375302838547e-06,5.689113013477913
Sri Lanka,Civic_Related,purge_normNorm,2022-07-01,1.1968921673138473e-05,5.057597087790861e-06,1.3077769440433605e-06,3.564541024976057
Sri Lanka,Civic_Related,threaten_normNorm,2022-11-01,3.047080439876439e-06,1.4267723701220712e-06,2.0995042944545798e-07,5.205432651132511
Sri Lanka,Civic_Related,threaten_normNorm,2025-03-01,4.431623920576345e-06,1.0207701267985724e-06,3.8421925241010055e-07,5.987699344574326
Sri Lanka,Civic_Related,threaten_normNorm,2025-07-01,1.8232657460875453e-06,1.0634669921268792e-06,1.1586666253423401e-07,4.4229912849771065
Sri Lanka,Civic_Related,raid_normNorm,2025-09-01,2.8344671201813335e-05,0.0,8.422505203423252e-08,226.98969420944997
Sri Lanka,Civic_Related,-999_normNorm,2014-04-01,0.0006709533128319817,0.0004206333647295019,3.921354048919926e-05,4.3056171363635825
Sri Lanka,Civic_Related,-999_normNorm,2025-02-01,0.0002236986239856832,0.00015310508514342096,1.0989364437207475e-05,4.3327973969673375
Sri Lanka,Civic_Related,-999_normNorm,2025-09-01,0.0019557823129251702,0.00018198080410161682,2.3786643371036438e-05,50.297669502369914
Sri Lanka,Civic_Related,defamationcase_normNorm,2025-01-01,1.3631555414998834e-06,2.1588230141095212e-07,1.7180660486439248e-07,4.5040480233314675
Sri Lanka,Civic_Related,defamationcase_normNorm,2025-02-01,1.235903999920807e-06,2.2718872410988764e-07,1.7180660486439248e-07,3.960087174846205
