date,year,month,sudden-onset environmental disaster,environmental cooperation,environmental government initiatives,environmental security,environmental -999,environmental arrest,human-induced disaster,displacement,-999,environmental legal action,environmental opinion,slow-onset environmental disaster,environmental corruption,environmental crime,environmental legal change,environmental activism,environmental corporate initiatives,lethal environmental violence,environmental protests,nonlethal environmental violence,total_articles,total_from_source,total_label_events,total_local_docs,sudden-onset environmental disasterNorm,environmental cooperationNorm,environmental government initiativesNorm,environmental securityNorm,environmental -999Norm,environmental arrestNorm,human-induced disasterNorm,displacementNorm,-999Norm,environmental legal actionNorm,environmental opinionNorm,slow-onset environmental disasterNorm,environmental corruptionNorm,environmental crimeNorm,environmental legal changeNorm,environmental activismNorm,environmental corporate initiativesNorm,lethal environmental violenceNorm,environmental protestsNorm,nonlethal environmental violenceNorm
2012-01-01,2012,1,3,0,0,1,3,1,2,1,5,0,3,3,1,4,2,0,0,0,0,0,27,27,29,643,0.0046656298600311,0.0,0.0,0.0015552099533437,0.0046656298600311,0.0015552099533437,0.0031104199066874,0.0015552099533437,0.0077760497667185,0.0,0.0046656298600311,0.0046656298600311,0.0015552099533437,0.0062208398133748,0.0031104199066874,0.0,0.0,0.0,0.0,0.0
2012-02-01,2012,2,4,0,4,2,7,0,7,1,12,0,1,2,3,4,1,1,0,0,0,0,41,41,49,666,0.006006006006006,0.0,0.006006006006006,0.003003003003003,0.0105105105105105,0.0,0.0105105105105105,0.0015015015015015,0.018018018018018,0.0,0.0015015015015015,0.003003003003003,0.0045045045045045,0.006006006006006,0.0015015015015015,0.0015015015015015,0.0,0.0,0.0,0.0
2012-03-01,2012,3,8,0,5,1,6,0,3,1,2,1,4,4,3,5,1,0,0,0,0,3,42,42,47,982,0.0081466395112016,0.0,0.005091649694501,0.0010183299389002,0.0061099796334012,0.0,0.0030549898167006,0.0010183299389002,0.0020366598778004,0.0010183299389002,0.0040733197556008,0.0040733197556008,0.0030549898167006,0.005091649694501,0.0010183299389002,0.0,0.0,0.0,0.0,0.0030549898167006
2012-04-01,2012,4,7,1,2,0,6,0,3,0,11,1,3,3,1,0,0,3,0,0,1,1,38,38,43,872,0.0080275229357798,0.0011467889908256,0.0022935779816513,0.0,0.0068807339449541,0.0,0.003440366972477,0.0,0.0126146788990825,0.0011467889908256,0.003440366972477,0.003440366972477,0.0011467889908256,0.0,0.0,0.003440366972477,0.0,0.0,0.0011467889908256,0.0011467889908256
2012-05-01,2012,5,3,0,3,1,6,0,5,2,6,0,1,1,2,2,0,0,0,2,0,2,31,31,36,939,0.0031948881789137,0.0,0.0031948881789137,0.0010649627263045,0.0063897763578274,0.0,0.0053248136315228,0.0021299254526091,0.0063897763578274,0.0,0.0010649627263045,0.0010649627263045,0.0021299254526091,0.0021299254526091,0.0,0.0,0.0,0.0021299254526091,0.0,0.0021299254526091
2012-06-01,2012,6,0,0,4,0,8,1,8,0,4,1,3,2,1,1,0,0,0,0,0,1,29,29,34,1094,0.0,0.0,0.0036563071297989,0.0,0.0073126142595978,0.0009140767824497,0.0073126142595978,0.0,0.0036563071297989,0.0009140767824497,0.0027422303473491,0.0018281535648994,0.0009140767824497,0.0009140767824497,0.0,0.0,0.0,0.0,0.0,0.0009140767824497
2012-07-01,2012,7,0,0,2,1,6,0,4,0,5,1,4,3,2,0,1,0,0,0,0,0,28,28,29,977,0.0,0.0,0.0020470829068577,0.0010235414534288,0.0061412487205731,0.0,0.0040941658137154,0.0,0.0051177072671443,0.0010235414534288,0.0040941658137154,0.0030706243602865,0.0020470829068577,0.0,0.0010235414534288,0.0,0.0,0.0,0.0,0.0
2012-08-01,2012,8,0,0,1,0,11,0,2,0,10,1,3,2,1,1,2,0,0,0,0,0,32,32,34,980,0.0,0.0,0.0010204081632653,0.0,0.0112244897959183,0.0,0.0020408163265306,0.0,0.010204081632653,0.0010204081632653,0.0030612244897959,0.0020408163265306,0.0010204081632653,0.0010204081632653,0.0020408163265306,0.0,0.0,0.0,0.0,0.0
2012-09-01,2012,9,3,0,3,0,10,0,8,0,2,2,5,5,0,2,0,0,1,0,1,0,38,38,42,975,0.003076923076923,0.0,0.003076923076923,0.0,0.0102564102564102,0.0,0.0082051282051282,0.0,0.002051282051282,0.002051282051282,0.0051282051282051,0.0051282051282051,0.0,0.002051282051282,0.0,0.0,0.001025641025641,0.0,0.001025641025641,0.0
2012-10-01,2012,10,2,1,5,0,9,0,9,1,9,0,4,3,0,4,1,1,0,0,0,0,42,42,49,1006,0.0019880715705765,0.0009940357852882,0.0049701789264413,0.0,0.0089463220675944,0.0,0.0089463220675944,0.0009940357852882,0.0089463220675944,0.0,0.003976143141153,0.0029821073558648,0.0,0.003976143141153,0.0009940357852882,0.0009940357852882,0.0,0.0,0.0,0.0
2012-11-01,2012,11,6,0,2,0,7,2,12,0,9,0,7,8,3,3,0,0,0,0,1,0,54,54,60,1693,0.0035440047253396,0.0,0.0011813349084465,0.0,0.0041346721795629,0.0011813349084465,0.0070880094506792,0.0,0.0053160070880094,0.0,0.0041346721795629,0.0047253396337861,0.0017720023626698,0.0017720023626698,0.0,0.0,0.0,0.0,0.0005906674542232,0.0
2012-12-01,2012,12,1,0,6,1,9,1,7,0,4,0,5,1,0,2,1,0,0,0,1,1,34,34,40,1097,0.0009115770282588,0.0,0.0054694621695533,0.0009115770282588,0.0082041932543299,0.0009115770282588,0.0063810391978122,0.0,0.0036463081130355,0.0,0.0045578851412944,0.0009115770282588,0.0,0.0018231540565177,0.0009115770282588,0.0,0.0,0.0,0.0009115770282588,0.0009115770282588
2013-01-01,2013,1,6,0,4,2,9,0,7,2,11,2,5,6,0,8,2,0,2,2,0,2,61,61,70,1733,0.0034622042700519,0.0,0.0023081361800346,0.0011540680900173,0.0051933064050779,0.0,0.0040392383150605,0.0011540680900173,0.0063473744950952,0.0011540680900173,0.0028851702250432,0.0034622042700519,0.0,0.0046162723600692,0.0011540680900173,0.0,0.0011540680900173,0.0011540680900173,0.0,0.0011540680900173
2013-02-01,2013,2,2,0,3,5,1,0,5,0,10,0,5,0,2,2,0,0,0,0,1,1,31,31,37,936,0.0021367521367521,0.0,0.0032051282051282,0.0053418803418803,0.001068376068376,0.0,0.0053418803418803,0.0,0.0106837606837606,0.0,0.0053418803418803,0.0,0.0021367521367521,0.0021367521367521,0.0,0.0,0.0,0.0,0.001068376068376,0.001068376068376
2013-03-01,2013,3,3,0,5,0,11,2,6,0,1,2,10,6,2,4,0,0,0,0,0,1,46,46,53,1125,0.0026666666666666,0.0,0.0044444444444444,0.0,0.0097777777777777,0.0017777777777777,0.0053333333333333,0.0,0.0008888888888888,0.0017777777777777,0.0088888888888888,0.0053333333333333,0.0017777777777777,0.0035555555555555,0.0,0.0,0.0,0.0,0.0,0.0008888888888888
2013-04-01,2013,4,3,0,3,1,13,0,3,1,11,1,3,4,0,2,2,1,1,0,1,1,43,43,51,1109,0.0027051397655545,0.0,0.0027051397655545,0.0009017132551848,0.011722272317403,0.0,0.0027051397655545,0.0009017132551848,0.0099188458070333,0.0009017132551848,0.0027051397655545,0.0036068530207394,0.0,0.0018034265103697,0.0018034265103697,0.0009017132551848,0.0009017132551848,0.0,0.0009017132551848,0.0009017132551848
2013-05-01,2013,5,3,0,3,1,5,0,8,0,9,1,9,5,1,2,1,0,0,0,1,0,45,45,49,1373,0.0021849963583394,0.0,0.0021849963583394,0.0007283321194464,0.0036416605972323,0.0,0.0058266569555717,0.0,0.0065549890750182,0.0007283321194464,0.0065549890750182,0.0036416605972323,0.0007283321194464,0.0014566642388929,0.0007283321194464,0.0,0.0,0.0,0.0007283321194464,0.0
2013-06-01,2013,6,1,0,0,0,16,0,5,0,7,0,7,2,2,1,0,0,0,0,0,0,33,33,41,1339,0.0007468259895444,0.0,0.0,0.0,0.0119492158327109,0.0,0.0037341299477221,0.0,0.005227781926811,0.0,0.005227781926811,0.0014936519790888,0.0014936519790888,0.0007468259895444,0.0,0.0,0.0,0.0,0.0,0.0
2013-07-01,2013,7,3,0,8,0,9,1,7,1,13,1,8,4,0,9,0,0,1,0,3,1,62,62,69,1650,0.0018181818181818,0.0,0.0048484848484848,0.0,0.0054545454545454,0.0006060606060606,0.0042424242424242,0.0006060606060606,0.0078787878787878,0.0006060606060606,0.0048484848484848,0.0024242424242424,0.0,0.0054545454545454,0.0,0.0,0.0006060606060606,0.0,0.0018181818181818,0.0006060606060606
2013-08-01,2013,8,1,1,3,3,9,0,5,0,7,0,4,2,1,8,1,1,0,0,1,0,40,40,47,1669,0.0005991611743559,0.0005991611743559,0.0017974835230677,0.0017974835230677,0.0053924505692031,0.0,0.0029958058717795,0.0,0.0041941282204913,0.0,0.0023966446974236,0.0011983223487118,0.0005991611743559,0.0047932893948472,0.0005991611743559,0.0005991611743559,0.0,0.0,0.0005991611743559,0.0
2013-09-01,2013,9,1,0,1,1,2,0,1,0,5,1,2,1,1,0,0,0,0,0,0,0,15,15,16,515,0.0019417475728155,0.0,0.0019417475728155,0.0019417475728155,0.003883495145631,0.0,0.0019417475728155,0.0,0.0097087378640776,0.0019417475728155,0.003883495145631,0.0019417475728155,0.0019417475728155,0.0,0.0,0.0,0.0,0.0,0.0,0.0
2013-10-01,2013,10,2,0,0,2,6,0,2,0,5,0,3,0,0,3,0,1,0,0,0,1,22,22,25,1084,0.0018450184501845,0.0,0.0,0.0018450184501845,0.0055350553505535,0.0,0.0018450184501845,0.0,0.0046125461254612,0.0,0.0027675276752767,0.0,0.0,0.0027675276752767,0.0,0.0009225092250922,0.0,0.0,0.0,0.0009225092250922
2013-11-01,2013,11,1,0,2,0,10,0,1,0,9,1,9,3,1,1,2,0,0,1,0,1,38,38,42,1641,0.0006093845216331,0.0,0.0012187690432663,0.0,0.0060938452163315,0.0,0.0006093845216331,0.0,0.0054844606946983,0.0006093845216331,0.0054844606946983,0.0018281535648994,0.0006093845216331,0.0006093845216331,0.0012187690432663,0.0,0.0,0.0006093845216331,0.0,0.0006093845216331
2013-12-01,2013,12,5,0,0,0,7,0,5,0,7,2,3,3,0,8,0,1,0,0,0,0,39,39,41,1458,0.0034293552812071,0.0,0.0,0.0,0.0048010973936899,0.0,0.0034293552812071,0.0,0.0048010973936899,0.0013717421124828,0.0020576131687242,0.0020576131687242,0.0,0.0054869684499314,0.0,0.0006858710562414,0.0,0.0,0.0,0.0
2014-01-01,2014,1,5,0,1,3,6,0,1,0,11,1,3,2,3,3,0,1,1,0,0,3,41,41,44,1504,0.0033244680851063,0.0,0.0006648936170212,0.0019946808510638,0.0039893617021276,0.0,0.0006648936170212,0.0,0.007313829787234,0.0006648936170212,0.0019946808510638,0.0013297872340425,0.0019946808510638,0.0019946808510638,0.0,0.0006648936170212,0.0006648936170212,0.0,0.0,0.0019946808510638
2014-02-01,2014,2,7,0,1,2,6,2,1,0,7,0,5,0,0,7,0,0,1,0,0,1,34,34,40,1373,0.0050983248361252,0.0,0.0007283321194464,0.0014566642388929,0.0043699927166788,0.0014566642388929,0.0007283321194464,0.0,0.0050983248361252,0.0,0.0036416605972323,0.0,0.0,0.0050983248361252,0.0,0.0,0.0007283321194464,0.0,0.0,0.0007283321194464
2014-03-01,2014,3,4,2,1,4,5,0,2,0,11,0,5,2,0,6,0,0,0,0,1,1,40,40,44,1597,0.0025046963055729,0.0012523481527864,0.0006261740763932,0.0025046963055729,0.0031308703819661,0.0,0.0012523481527864,0.0,0.0068879148403256,0.0,0.0031308703819661,0.0012523481527864,0.0,0.0037570444583594,0.0,0.0,0.0,0.0,0.0006261740763932,0.0006261740763932
2014-04-01,2014,4,15,0,2,0,14,0,7,0,15,1,6,3,1,5,0,2,0,1,0,0,65,65,72,1878,0.0079872204472843,0.0,0.0010649627263045,0.0,0.007454739084132,0.0,0.003727369542066,0.0,0.0079872204472843,0.0005324813631522,0.0031948881789137,0.0015974440894568,0.0005324813631522,0.0026624068157614,0.0,0.0010649627263045,0.0,0.0005324813631522,0.0,0.0
2014-05-01,2014,5,2,0,8,5,16,0,10,0,22,1,8,5,0,12,1,3,1,1,0,2,88,88,97,1775,0.0011267605633802,0.0,0.0045070422535211,0.0028169014084507,0.0090140845070422,0.0,0.0056338028169014,0.0,0.012394366197183,0.0005633802816901,0.0045070422535211,0.0028169014084507,0.0,0.0067605633802816,0.0005633802816901,0.0016901408450704,0.0005633802816901,0.0005633802816901,0.0,0.0011267605633802
2014-06-01,2014,6,1,4,9,8,27,0,13,0,13,3,12,9,1,11,4,4,3,0,1,1,113,113,124,1990,0.000502512562814,0.0020100502512562,0.0045226130653266,0.0040201005025125,0.0135678391959798,0.0,0.0065326633165829,0.0,0.0065326633165829,0.0015075376884422,0.0060301507537688,0.0045226130653266,0.000502512562814,0.0055276381909547,0.0020100502512562,0.0020100502512562,0.0015075376884422,0.0,0.000502512562814,0.000502512562814
2014-07-01,2014,7,0,1,11,2,20,1,10,0,9,3,14,4,1,8,0,2,3,0,0,2,75,75,91,1975,0.0,0.000506329113924,0.0055696202531645,0.0010126582278481,0.010126582278481,0.000506329113924,0.0050632911392405,0.0,0.0045569620253164,0.0015189873417721,0.0070886075949367,0.0020253164556962,0.000506329113924,0.0040506329113924,0.0,0.0010126582278481,0.0015189873417721,0.0,0.0,0.0010126582278481
2014-08-01,2014,8,6,0,8,1,9,1,12,0,17,3,15,5,1,6,1,0,3,0,2,0,77,77,90,2110,0.0028436018957345,0.0,0.0037914691943127,0.000473933649289,0.0042654028436018,0.000473933649289,0.0056872037914691,0.0,0.0080568720379146,0.0014218009478672,0.0071090047393364,0.0023696682464454,0.000473933649289,0.0028436018957345,0.000473933649289,0.0,0.0014218009478672,0.0,0.0009478672985781,0.0
2014-09-01,2014,9,2,0,3,1,17,0,8,0,14,1,17,0,1,4,3,1,0,0,0,1,61,61,73,2114,0.0009460737937559,0.0,0.0014191106906338,0.0004730368968779,0.0080416272469252,0.0,0.0037842951750236,0.0,0.0066225165562913,0.0004730368968779,0.0080416272469252,0.0,0.0004730368968779,0.0018921475875118,0.0014191106906338,0.0004730368968779,0.0,0.0,0.0,0.0004730368968779
2014-10-01,2014,10,1,0,5,2,18,0,5,0,12,5,3,4,2,5,2,3,0,0,1,2,62,62,70,2339,0.0004275331338178,0.0,0.0021376656690893,0.0008550662676357,0.0076955964087216,0.0,0.0021376656690893,0.0,0.0051303976058144,0.0021376656690893,0.0012825994014536,0.0017101325352714,0.0008550662676357,0.0021376656690893,0.0008550662676357,0.0012825994014536,0.0,0.0,0.0004275331338178,0.0008550662676357
2014-11-01,2014,11,4,0,7,3,17,1,3,0,22,4,12,3,1,9,1,5,1,0,1,0,82,82,94,1808,0.0022123893805309,0.0,0.0038716814159292,0.0016592920353982,0.0094026548672566,0.0005530973451327,0.0016592920353982,0.0,0.0121681415929203,0.0022123893805309,0.0066371681415929,0.0016592920353982,0.0005530973451327,0.0049778761061946,0.0005530973451327,0.0027654867256637,0.0005530973451327,0.0,0.0005530973451327,0.0
2014-12-01,2014,12,7,0,5,1,12,1,5,0,10,1,9,2,0,6,1,2,1,0,1,3,62,62,67,1402,0.0049928673323823,0.0,0.0035663338088445,0.0007132667617689,0.0085592011412268,0.0007132667617689,0.0035663338088445,0.0,0.007132667617689,0.0007132667617689,0.0064194008559201,0.0014265335235378,0.0,0.0042796005706134,0.0007132667617689,0.0014265335235378,0.0007132667617689,0.0,0.0007132667617689,0.0021398002853067
2015-01-01,2015,1,4,0,7,1,12,2,11,0,14,1,9,6,2,5,3,0,0,1,0,0,68,68,78,1951,0.0020502306509482,0.0,0.0035879036391594,0.000512557662737,0.0061506919528446,0.0010251153254741,0.0056381342901076,0.0,0.0071758072783188,0.000512557662737,0.0046130189646335,0.0030753459764223,0.0010251153254741,0.0025627883136852,0.0015376729882111,0.0,0.0,0.000512557662737,0.0,0.0
2015-02-01,2015,2,3,1,5,1,16,0,11,0,12,2,8,5,0,5,2,1,1,0,1,0,68,68,74,1935,0.0015503875968992,0.000516795865633,0.0025839793281653,0.000516795865633,0.0082687338501291,0.0,0.0056847545219638,0.0,0.0062015503875968,0.0010335917312661,0.0041343669250645,0.0025839793281653,0.0,0.0025839793281653,0.0010335917312661,0.000516795865633,0.000516795865633,0.0,0.000516795865633,0.0
2015-03-01,2015,3,24,1,10,2,19,1,13,1,25,1,11,10,0,3,1,1,1,0,0,0,113,113,124,2668,0.0089955022488755,0.0003748125937031,0.0037481259370314,0.0007496251874062,0.0071214392803598,0.0003748125937031,0.0048725637181409,0.0003748125937031,0.0093703148425787,0.0003748125937031,0.0041229385307346,0.0037481259370314,0.0,0.0011244377811094,0.0003748125937031,0.0003748125937031,0.0003748125937031,0.0,0.0,0.0
2015-04-01,2015,4,4,1,5,1,15,0,5,0,9,0,13,4,0,4,5,1,0,0,0,0,60,60,67,1999,0.0020010005002501,0.0005002501250625,0.0025012506253126,0.0005002501250625,0.0075037518759379,0.0,0.0025012506253126,0.0,0.0045022511255627,0.0,0.0065032516258129,0.0020010005002501,0.0,0.0020010005002501,0.0025012506253126,0.0005002501250625,0.0,0.0,0.0,0.0
2015-05-01,2015,5,27,0,5,5,9,0,7,4,15,3,4,5,2,3,1,2,0,0,1,0,82,82,93,1838,0.014689880304679,0.0,0.0027203482045701,0.0027203482045701,0.0048966267682263,0.0,0.0038084874863982,0.0021762785636561,0.0081610446137105,0.0016322089227421,0.0021762785636561,0.0027203482045701,0.001088139281828,0.0016322089227421,0.000544069640914,0.001088139281828,0.0,0.0,0.000544069640914,0.0
2015-06-01,2015,6,1,0,6,2,11,0,6,2,16,0,13,12,0,7,3,2,0,0,0,2,71,71,83,2014,0.0004965243296921,0.0,0.0029791459781529,0.0009930486593843,0.0054617676266137,0.0,0.0029791459781529,0.0009930486593843,0.0079443892750744,0.0,0.006454816285998,0.0059582919563058,0.0,0.003475670307845,0.0014895729890764,0.0009930486593843,0.0,0.0,0.0,0.0009930486593843
2015-07-01,2015,7,1,0,4,2,13,0,8,1,16,0,11,3,0,6,1,1,0,0,2,1,62,62,70,1986,0.0005035246727089,0.0,0.0020140986908358,0.0010070493454179,0.0065458207452165,0.0,0.0040281973816717,0.0005035246727089,0.0080563947633434,0.0,0.0055387713997985,0.0015105740181268,0.0,0.0030211480362537,0.0005035246727089,0.0005035246727089,0.0,0.0,0.0010070493454179,0.0005035246727089
2015-08-01,2015,8,0,0,3,0,9,0,1,1,6,0,5,2,0,3,0,0,0,0,0,0,29,29,30,1304,0.0,0.0,0.0023006134969325,0.0,0.0069018404907975,0.0,0.0007668711656441,0.0007668711656441,0.004601226993865,0.0,0.0038343558282208,0.0015337423312883,0.0,0.0023006134969325,0.0,0.0,0.0,0.0,0.0,0.0
2015-09-01,2015,9,4,0,3,1,12,0,5,1,5,1,6,3,3,3,0,0,2,1,0,0,43,43,50,1261,0.0031720856463124,0.0,0.0023790642347343,0.0007930214115781,0.0095162569389373,0.0,0.0039651070578905,0.0007930214115781,0.0039651070578905,0.0007930214115781,0.0047581284694686,0.0023790642347343,0.0023790642347343,0.0023790642347343,0.0,0.0,0.0015860428231562,0.0007930214115781,0.0,0.0
2015-10-01,2015,10,1,0,3,3,12,1,4,1,7,2,11,3,0,2,2,3,2,0,3,1,51,51,61,1974,0.0005065856129685,0.0,0.0015197568389057,0.0015197568389057,0.0060790273556231,0.0005065856129685,0.0020263424518743,0.0005065856129685,0.0035460992907801,0.0010131712259371,0.0055724417426545,0.0015197568389057,0.0,0.0010131712259371,0.0010131712259371,0.0015197568389057,0.0010131712259371,0.0,0.0015197568389057,0.0005065856129685
2015-11-01,2015,11,3,1,1,3,5,2,4,0,16,0,11,4,1,5,2,1,0,0,1,1,55,55,61,1530,0.0019607843137254,0.0006535947712418,0.0006535947712418,0.0019607843137254,0.0032679738562091,0.0013071895424836,0.0026143790849673,0.0,0.0104575163398692,0.0,0.0071895424836601,0.0026143790849673,0.0006535947712418,0.0032679738562091,0.0013071895424836,0.0006535947712418,0.0,0.0,0.0006535947712418,0.0006535947712418
2015-12-01,2015,12,1,0,2,1,12,1,2,0,12,1,10,0,1,5,0,1,0,0,0,0,46,46,49,1311,0.0007627765064836,0.0,0.0015255530129672,0.0007627765064836,0.0091533180778032,0.0007627765064836,0.0015255530129672,0.0,0.0091533180778032,0.0007627765064836,0.007627765064836,0.0,0.0007627765064836,0.003813882532418,0.0,0.0007627765064836,0.0,0.0,0.0,0.0
2016-01-01,2016,1,16,0,7,2,11,4,16,4,23,5,6,8,2,4,2,1,1,4,1,2,107,107,119,1932,0.0082815734989648,0.0,0.0036231884057971,0.0010351966873706,0.0056935817805383,0.0020703933747412,0.0082815734989648,0.0020703933747412,0.0119047619047619,0.0025879917184265,0.0031055900621118,0.0041407867494824,0.0010351966873706,0.0020703933747412,0.0010351966873706,0.0005175983436853,0.0005175983436853,0.0020703933747412,0.0005175983436853,0.0010351966873706
2016-02-01,2016,2,7,1,8,6,15,3,11,2,28,2,9,5,0,14,0,2,2,1,2,3,100,100,121,2304,0.0030381944444444,0.0004340277777777,0.0034722222222222,0.0026041666666666,0.0065104166666666,0.0013020833333333,0.0047743055555555,0.0008680555555555,0.0121527777777777,0.0008680555555555,0.00390625,0.0021701388888888,0.0,0.0060763888888888,0.0,0.0008680555555555,0.0008680555555555,0.0004340277777777,0.0008680555555555,0.0013020833333333
2016-03-01,2016,3,10,1,6,5,15,6,8,1,22,4,11,6,5,7,0,0,1,1,1,3,101,101,113,2287,0.0043725404459991,0.0004372540445999,0.0026235242675994,0.0021862702229995,0.0065588106689986,0.0026235242675994,0.0034980323567993,0.0004372540445999,0.009619588981198,0.0017490161783996,0.004809794490599,0.0026235242675994,0.0021862702229995,0.0030607783121993,0.0,0.0,0.0004372540445999,0.0004372540445999,0.0004372540445999,0.0013117621337997
2016-04-01,2016,4,15,1,6,1,28,1,11,3,15,6,12,4,5,7,1,0,1,1,0,1,104,104,119,2356,0.0063667232597623,0.0004244482173174,0.0025466893039049,0.0004244482173174,0.0118845500848896,0.0004244482173174,0.0046689303904923,0.0012733446519524,0.0063667232597623,0.0025466893039049,0.0050933786078098,0.0016977928692699,0.0021222410865874,0.0029711375212224,0.0004244482173174,0.0,0.0004244482173174,0.0004244482173174,0.0,0.0004244482173174
2016-05-01,2016,5,3,1,15,2,15,0,10,1,19,3,8,8,2,5,5,4,2,1,1,2,91,91,107,2439,0.001230012300123,0.000410004100041,0.006150061500615,0.000820008200082,0.006150061500615,0.0,0.00410004100041,0.000410004100041,0.007790077900779,0.001230012300123,0.003280032800328,0.003280032800328,0.000820008200082,0.002050020500205,0.002050020500205,0.001640016400164,0.000820008200082,0.000410004100041,0.000410004100041,0.000820008200082
2016-06-01,2016,6,0,0,12,2,24,0,9,1,14,6,10,6,3,12,0,2,1,0,1,1,87,87,104,2230,0.0,0.0,0.0053811659192825,0.000896860986547,0.010762331838565,0.0,0.0040358744394618,0.0004484304932735,0.0062780269058295,0.0026905829596412,0.0044843049327354,0.0026905829596412,0.0013452914798206,0.0053811659192825,0.0,0.000896860986547,0.0004484304932735,0.0,0.0004484304932735,0.0004484304932735
2016-07-01,2016,7,1,0,7,2,21,1,15,0,12,2,13,6,3,5,2,1,1,2,1,1,80,80,96,2545,0.0003929273084479,0.0,0.0027504911591355,0.0007858546168958,0.0082514734774066,0.0003929273084479,0.005893909626719,0.0,0.0047151277013752,0.0007858546168958,0.0051080550098231,0.0023575638506876,0.0011787819253438,0.0019646365422396,0.0007858546168958,0.0003929273084479,0.0003929273084479,0.0007858546168958,0.0003929273084479,0.0003929273084479
2016-08-01,2016,8,0,0,8,3,19,2,12,0,12,5,9,4,4,3,2,1,1,0,0,0,73,73,85,2566,0.0,0.0,0.0031176929072486,0.0011691348402182,0.0074045206547155,0.0007794232268121,0.0046765393608729,0.0,0.0046765393608729,0.0019485580670303,0.0035074045206547,0.0015588464536243,0.0015588464536243,0.0011691348402182,0.0007794232268121,0.000389711613406,0.000389711613406,0.0,0.0,0.0
2016-09-01,2016,9,72,0,7,3,11,0,12,0,46,4,13,7,4,11,2,2,4,1,0,0,175,175,199,2683,0.0268356317554975,0.0,0.0026090197540067,0.0011181513231457,0.0040998881848676,0.0,0.0044726052925829,0.0,0.0171449869549012,0.0014908684308609,0.0048453224002981,0.0026090197540067,0.0014908684308609,0.0040998881848676,0.0007454342154304,0.0007454342154304,0.0014908684308609,0.0003727171077152,0.0,0.0
2016-10-01,2016,10,14,1,6,5,20,4,16,0,21,7,16,11,2,7,6,2,4,0,2,3,124,124,147,2814,0.0049751243781094,0.0003553660270078,0.0021321961620469,0.001776830135039,0.0071073205401563,0.0014214641080312,0.005685856432125,0.0,0.0074626865671641,0.0024875621890547,0.005685856432125,0.0039090262970859,0.0007107320540156,0.0024875621890547,0.0021321961620469,0.0007107320540156,0.0014214641080312,0.0,0.0007107320540156,0.0010660980810234
2016-11-01,2016,11,11,1,6,3,17,2,17,0,22,4,15,5,3,11,4,3,2,0,0,2,115,115,128,2653,0.0041462495288352,0.0003769317753486,0.0022615906520919,0.0011307953260459,0.0064078401809272,0.0007538635506973,0.0064078401809272,0.0,0.0082924990576705,0.0015077271013946,0.0056539766302299,0.0018846588767433,0.0011307953260459,0.0041462495288352,0.0015077271013946,0.0011307953260459,0.0007538635506973,0.0,0.0,0.0007538635506973
2016-12-01,2016,12,3,0,6,2,16,3,15,1,18,4,10,6,2,6,5,2,3,0,1,0,87,87,103,2415,0.0012422360248447,0.0,0.0024844720496894,0.0008281573498964,0.0066252587991718,0.0012422360248447,0.0062111801242236,0.0004140786749482,0.0074534161490683,0.0016563146997929,0.0041407867494824,0.0024844720496894,0.0008281573498964,0.0024844720496894,0.0020703933747412,0.0008281573498964,0.0012422360248447,0.0,0.0004140786749482,0.0
2017-01-01,2017,1,4,0,10,1,16,4,12,0,26,8,7,11,1,10,4,0,0,1,0,2,104,104,117,2351,0.0017014036580178,0.0,0.0042535091450446,0.0004253509145044,0.0068056146320714,0.0017014036580178,0.0051042109740535,0.0,0.0110591237771161,0.0034028073160357,0.0029774564015312,0.0046788600595491,0.0004253509145044,0.0042535091450446,0.0017014036580178,0.0,0.0,0.0004253509145044,0.0,0.0008507018290089
2017-02-01,2017,2,6,0,6,1,16,5,4,0,11,3,8,6,3,4,3,0,3,0,0,3,79,79,82,1858,0.0032292787944025,0.0,0.0032292787944025,0.0005382131324004,0.0086114101184068,0.0026910656620021,0.0021528525296017,0.0,0.0059203444564047,0.0016146393972012,0.0043057050592034,0.0032292787944025,0.0016146393972012,0.0021528525296017,0.0016146393972012,0.0,0.0016146393972012,0.0,0.0,0.0016146393972012
2017-03-01,2017,3,7,1,9,2,10,1,18,1,25,6,16,5,6,2,5,0,1,0,3,1,106,106,119,2436,0.0028735632183908,0.0004105090311986,0.0036945812807881,0.0008210180623973,0.0041050903119868,0.0004105090311986,0.0073891625615763,0.0004105090311986,0.0102627257799671,0.0024630541871921,0.0065681444991789,0.0020525451559934,0.0024630541871921,0.0008210180623973,0.0020525451559934,0.0,0.0004105090311986,0.0,0.001231527093596,0.0004105090311986
2017-04-01,2017,4,2,0,10,1,18,1,11,0,19,2,11,10,1,4,1,2,1,0,0,2,86,86,96,2273,0.0008798944126704,0.0,0.0043994720633523,0.0004399472063352,0.0079190497140343,0.0004399472063352,0.0048394192696876,0.0,0.0083589969203695,0.0008798944126704,0.0048394192696876,0.0043994720633523,0.0004399472063352,0.0017597888253409,0.0004399472063352,0.0008798944126704,0.0004399472063352,0.0,0.0,0.0008798944126704
2017-05-01,2017,5,15,0,8,1,14,2,8,0,22,7,7,5,4,7,3,0,1,0,1,0,88,88,105,2210,0.006787330316742,0.0,0.0036199095022624,0.0004524886877828,0.0063348416289592,0.0009049773755656,0.0036199095022624,0.0,0.0099547511312217,0.0031674208144796,0.0031674208144796,0.002262443438914,0.0018099547511312,0.0031674208144796,0.0013574660633484,0.0,0.0004524886877828,0.0,0.0004524886877828,0.0
2017-06-01,2017,6,3,0,7,0,25,1,11,0,30,10,11,4,4,6,6,0,1,1,2,1,110,110,123,2388,0.0012562814070351,0.0,0.002931323283082,0.0,0.0104690117252931,0.0004187604690117,0.0046063651591289,0.0,0.0125628140703517,0.0041876046901172,0.0046063651591289,0.0016750418760469,0.0016750418760469,0.0025125628140703,0.0025125628140703,0.0,0.0004187604690117,0.0004187604690117,0.0008375209380234,0.0004187604690117
2017-07-01,2017,7,2,0,4,0,13,1,10,2,35,9,12,12,0,7,16,1,1,0,1,1,117,117,127,2273,0.0008798944126704,0.0,0.0017597888253409,0.0,0.0057193136823581,0.0004399472063352,0.0043994720633523,0.0008798944126704,0.0153981522217333,0.0039595248570171,0.0052793664760228,0.0052793664760228,0.0,0.0030796304443466,0.0070391553013638,0.0004399472063352,0.0004399472063352,0.0,0.0004399472063352,0.0004399472063352
2017-08-01,2017,8,2,0,9,4,14,0,6,0,18,3,8,6,2,7,1,2,1,6,1,3,82,82,93,2125,0.0009411764705882,0.0,0.004235294117647,0.0018823529411764,0.0065882352941176,0.0,0.0028235294117647,0.0,0.0084705882352941,0.0014117647058823,0.0037647058823529,0.0028235294117647,0.0009411764705882,0.0032941176470588,0.0004705882352941,0.0009411764705882,0.0004705882352941,0.0028235294117647,0.0004705882352941,0.0014117647058823
2017-09-01,2017,9,1,1,10,4,21,4,7,0,14,5,8,3,1,5,1,0,0,1,1,0,78,78,87,2282,0.0004382120946538,0.0004382120946538,0.0043821209465381,0.0017528483786152,0.00920245398773,0.0017528483786152,0.0030674846625766,0.0,0.0061349693251533,0.002191060473269,0.0035056967572304,0.0013146362839614,0.0004382120946538,0.002191060473269,0.0004382120946538,0.0,0.0,0.0004382120946538,0.0004382120946538,0.0
2017-10-01,2017,10,10,1,6,2,20,2,9,3,23,2,15,3,1,5,5,3,2,1,2,0,101,101,115,2027,0.0049333991119881,0.0004933399111988,0.0029600394671928,0.0009866798223976,0.0098667982239763,0.0009866798223976,0.0044400592007893,0.0014800197335964,0.0113468179575727,0.0009866798223976,0.0074000986679822,0.0014800197335964,0.0004933399111988,0.002466699555994,0.002466699555994,0.0014800197335964,0.0009866798223976,0.0004933399111988,0.0009866798223976,0.0
2017-11-01,2017,11,2,2,5,4,20,1,8,0,13,3,8,4,1,5,2,0,2,1,1,1,73,73,83,1789,0.0011179429849077,0.0011179429849077,0.0027948574622694,0.0022358859698155,0.0111794298490776,0.0005589714924538,0.004471771939631,0.0,0.0072666294019005,0.0016769144773616,0.004471771939631,0.0022358859698155,0.0005589714924538,0.0027948574622694,0.0011179429849077,0.0,0.0011179429849077,0.0005589714924538,0.0005589714924538,0.0005589714924538
2017-12-01,2017,12,2,0,6,2,13,2,6,2,15,3,9,3,1,6,6,1,0,0,0,1,67,67,78,1847,0.0010828370330265,0.0,0.0032485110990795,0.0010828370330265,0.0070384407146724,0.0010828370330265,0.0032485110990795,0.0010828370330265,0.0081212777476989,0.0016242555495397,0.0048727666486193,0.0016242555495397,0.0005414185165132,0.0032485110990795,0.0032485110990795,0.0005414185165132,0.0,0.0,0.0,0.0005414185165132
2018-01-01,2018,1,12,1,4,3,19,4,11,1,19,11,5,3,2,8,3,1,2,2,1,0,99,99,112,2080,0.0057692307692307,0.0004807692307692,0.0019230769230769,0.0014423076923076,0.0091346153846153,0.0019230769230769,0.0052884615384615,0.0004807692307692,0.0091346153846153,0.0052884615384615,0.0024038461538461,0.0014423076923076,0.0009615384615384,0.0038461538461538,0.0014423076923076,0.0004807692307692,0.0009615384615384,0.0009615384615384,0.0004807692307692,0.0
2018-02-01,2018,2,3,0,11,6,16,4,8,0,12,3,4,4,1,12,4,4,2,4,1,0,86,86,99,1992,0.0015060240963855,0.0,0.0055220883534136,0.003012048192771,0.0080321285140562,0.002008032128514,0.0040160642570281,0.0,0.0060240963855421,0.0015060240963855,0.002008032128514,0.002008032128514,0.0005020080321285,0.0060240963855421,0.002008032128514,0.002008032128514,0.001004016064257,0.002008032128514,0.0005020080321285,0.0
2018-03-01,2018,3,9,1,13,4,22,3,15,0,19,5,17,5,4,9,1,3,0,1,1,1,114,114,133,2345,0.0038379530916844,0.0004264392324093,0.0055437100213219,0.0017057569296375,0.0093816631130063,0.0012793176972281,0.0063965884861407,0.0,0.0081023454157782,0.0021321961620469,0.0072494669509594,0.0021321961620469,0.0017057569296375,0.0038379530916844,0.0004264392324093,0.0012793176972281,0.0,0.0004264392324093,0.0004264392324093,0.0004264392324093
2018-04-01,2018,4,24,4,12,6,22,0,6,0,26,1,9,4,0,5,4,5,3,0,2,1,123,123,134,2202,0.0108991825613079,0.0018165304268846,0.0054495912806539,0.0027247956403269,0.0099909173478655,0.0,0.0027247956403269,0.0,0.0118074477747502,0.0004541326067211,0.0040871934604904,0.0018165304268846,0.0,0.0022706630336058,0.0018165304268846,0.0022706630336058,0.0013623978201634,0.0,0.0009082652134423,0.0004541326067211
2018-05-01,2018,5,9,1,5,5,26,0,7,2,35,5,11,5,5,7,2,4,1,0,0,1,115,115,131,2165,0.0041570438799076,0.0004618937644341,0.0023094688221709,0.0023094688221709,0.0120092378752886,0.0,0.0032332563510392,0.0009237875288683,0.0161662817551963,0.0023094688221709,0.0050808314087759,0.0023094688221709,0.0023094688221709,0.0032332563510392,0.0009237875288683,0.0018475750577367,0.0004618937644341,0.0,0.0,0.0004618937644341
2018-06-01,2018,6,3,2,17,2,21,4,12,1,21,1,10,4,1,5,2,1,5,0,1,0,100,100,113,1889,0.0015881418740074,0.0010587612493382,0.0089994706193753,0.0010587612493382,0.0111169931180518,0.0021175224986765,0.0063525674960296,0.0005293806246691,0.0111169931180518,0.0005293806246691,0.0052938062466913,0.0021175224986765,0.0005293806246691,0.0026469031233456,0.0010587612493382,0.0005293806246691,0.0026469031233456,0.0,0.0005293806246691,0.0
2018-07-01,2018,7,1,0,13,1,16,0,6,0,16,4,8,2,1,7,3,4,4,1,0,1,76,76,88,2184,0.0004578754578754,0.0,0.0059523809523809,0.0004578754578754,0.0073260073260073,0.0,0.0027472527472527,0.0,0.0073260073260073,0.0018315018315018,0.0036630036630036,0.0009157509157509,0.0004578754578754,0.0032051282051282,0.0013736263736263,0.0018315018315018,0.0018315018315018,0.0004578754578754,0.0,0.0004578754578754
2018-08-01,2018,8,0,0,7,3,18,1,9,0,20,3,11,4,2,4,1,0,1,0,0,0,74,74,84,2341,0.0,0.0,0.0029901751388295,0.0012815036309269,0.0076890217855617,0.0004271678769756,0.0038445108927808,0.0,0.008543357539513,0.0012815036309269,0.0046988466467321,0.0017086715079026,0.0008543357539513,0.0017086715079026,0.0004271678769756,0.0,0.0004271678769756,0.0,0.0,0.0
2018-09-01,2018,9,3,1,11,3,24,0,10,0,31,3,16,3,3,3,2,1,3,0,0,0,108,108,117,2377,0.0012620950778291,0.0004206983592763,0.0046276819520403,0.0012620950778291,0.0100967606226335,0.0,0.0042069835927639,0.0,0.0130416491375683,0.0012620950778291,0.0067311737484223,0.0012620950778291,0.0012620950778291,0.0012620950778291,0.0008413967185527,0.0004206983592763,0.0012620950778291,0.0,0.0,0.0
2018-10-01,2018,10,6,2,10,4,16,2,8,0,16,5,15,2,4,7,7,2,1,0,1,1,96,96,109,2331,0.0025740025740025,0.0008580008580008,0.0042900042900042,0.0017160017160017,0.0068640068640068,0.0008580008580008,0.0034320034320034,0.0,0.0068640068640068,0.0021450021450021,0.0064350064350064,0.0008580008580008,0.0017160017160017,0.003003003003003,0.003003003003003,0.0008580008580008,0.0004290004290004,0.0,0.0004290004290004,0.0004290004290004
2018-11-01,2018,11,2,2,8,4,17,0,14,0,19,3,8,1,2,7,2,2,2,0,1,1,87,87,95,2534,0.0007892659826361,0.0007892659826361,0.0031570639305445,0.0015785319652722,0.0067087608524072,0.0,0.005524861878453,0.0,0.0074980268350434,0.0011838989739542,0.0031570639305445,0.000394632991318,0.0007892659826361,0.0027624309392265,0.0007892659826361,0.0007892659826361,0.0007892659826361,0.0,0.000394632991318,0.000394632991318
2018-12-01,2018,12,9,1,7,2,18,1,15,4,20,2,13,3,1,5,1,2,3,0,1,1,94,94,109,2193,0.0041039671682626,0.0004559963520291,0.0031919744642042,0.0009119927040583,0.0082079343365253,0.0004559963520291,0.0068399452804377,0.0018239854081167,0.0091199270405836,0.0009119927040583,0.0059279525763793,0.0013679890560875,0.0004559963520291,0.0022799817601459,0.0004559963520291,0.0009119927040583,0.0013679890560875,0.0,0.0004559963520291,0.0004559963520291
2019-01-01,2019,1,6,0,10,4,21,1,13,1,17,8,13,1,0,6,2,1,1,0,1,2,88,88,108,2124,0.0028248587570621,0.0,0.0047080979284369,0.0018832391713747,0.0098870056497175,0.0004708097928436,0.0061205273069679,0.0004708097928436,0.0080037664783427,0.0037664783427495,0.0061205273069679,0.0004708097928436,0.0,0.0028248587570621,0.0009416195856873,0.0004708097928436,0.0004708097928436,0.0,0.0004708097928436,0.0009416195856873
2019-02-01,2019,2,5,1,8,4,23,3,14,0,27,3,14,4,2,6,5,2,1,0,0,1,114,114,123,2200,0.0022727272727272,0.0004545454545454,0.0036363636363636,0.0018181818181818,0.0104545454545454,0.0013636363636363,0.0063636363636363,0.0,0.0122727272727272,0.0013636363636363,0.0063636363636363,0.0018181818181818,0.0009090909090909,0.0027272727272727,0.0022727272727272,0.0009090909090909,0.0004545454545454,0.0,0.0,0.0004545454545454
2019-03-01,2019,3,13,3,15,2,19,0,11,0,23,5,14,6,0,6,2,1,1,0,0,4,108,108,125,2015,0.0064516129032258,0.0014888337468982,0.0074441687344913,0.0009925558312655,0.0094292803970223,0.0,0.0054590570719602,0.0,0.0114143920595533,0.0024813895781637,0.0069478908188585,0.0029776674937965,0.0,0.0029776674937965,0.0009925558312655,0.0004962779156327,0.0004962779156327,0.0,0.0,0.001985111662531
2019-04-01,2019,4,32,1,10,2,18,0,3,3,31,0,22,8,1,6,13,2,1,0,0,2,145,145,155,2089,0.0153183341311632,0.0004786979415988,0.0047869794159885,0.0009573958831977,0.0086165629487793,0.0,0.0014360938247965,0.0014360938247965,0.0148396361895643,0.0,0.0105313547151747,0.0038295835327908,0.0004786979415988,0.0028721876495931,0.006223073240785,0.0009573958831977,0.0004786979415988,0.0,0.0,0.0009573958831977
2019-05-01,2019,5,9,1,5,0,16,0,9,1,43,8,18,7,0,4,14,1,1,0,1,0,124,124,138,1819,0.0049477735019241,0.0005497526113249,0.0027487630566245,0.0,0.0087960417811984,0.0,0.0049477735019241,0.0005497526113249,0.0236393622869708,0.0043980208905992,0.0098955470038482,0.0038482682792743,0.0,0.0021990104452996,0.0076965365585486,0.0005497526113249,0.0005497526113249,0.0,0.0005497526113249,0.0
2019-06-01,2019,6,5,2,7,0,18,1,9,0,37,1,16,2,3,3,7,2,5,1,1,0,107,107,120,1727,0.0028951939779965,0.0011580775911986,0.0040532715691951,0.0,0.0104226983207874,0.0005790387955993,0.0052113491603937,0.0,0.0214244354371742,0.0005790387955993,0.0092646207295888,0.0011580775911986,0.0017371163867979,0.0017371163867979,0.0040532715691951,0.0011580775911986,0.0028951939779965,0.0005790387955993,0.0005790387955993,0.0
2019-07-01,2019,7,1,0,12,5,21,0,10,0,20,1,7,6,0,10,1,3,2,3,0,0,86,86,102,1765,0.0005665722379603,0.0,0.006798866855524,0.0028328611898017,0.0118980169971671,0.0,0.0056657223796034,0.0,0.0113314447592068,0.0005665722379603,0.0039660056657223,0.003399433427762,0.0,0.0056657223796034,0.0005665722379603,0.001699716713881,0.0011331444759206,0.001699716713881,0.0,0.0
2019-08-01,2019,8,0,0,7,1,20,0,20,0,15,2,12,5,1,1,5,2,3,0,0,2,85,85,96,1948,0.0,0.0,0.0035934291581108,0.0005133470225872,0.0102669404517453,0.0,0.0102669404517453,0.0,0.007700205338809,0.0010266940451745,0.0061601642710472,0.0025667351129363,0.0005133470225872,0.0005133470225872,0.0025667351129363,0.0010266940451745,0.0015400410677618,0.0,0.0,0.0010266940451745
2019-09-01,2019,9,2,1,6,1,18,0,7,3,19,2,18,5,2,9,3,2,3,0,0,1,85,85,102,2003,0.00099850224663,0.000499251123315,0.0029955067398901,0.000499251123315,0.0089865202196704,0.0,0.0034947578632051,0.001497753369945,0.0094857713429855,0.00099850224663,0.0089865202196704,0.0024962556165751,0.00099850224663,0.0044932601098352,0.001497753369945,0.00099850224663,0.001497753369945,0.0,0.0,0.000499251123315
2019-10-01,2019,10,15,1,11,2,21,1,7,1,21,3,21,5,2,3,4,2,2,0,1,0,108,108,123,2045,0.0073349633251833,0.0004889975550122,0.0053789731051344,0.0009779951100244,0.0102689486552567,0.0004889975550122,0.0034229828850855,0.0004889975550122,0.0102689486552567,0.0014669926650366,0.0102689486552567,0.0024449877750611,0.0009779951100244,0.0014669926650366,0.0019559902200488,0.0009779951100244,0.0009779951100244,0.0,0.0004889975550122,0.0
2019-11-01,2019,11,6,1,11,0,31,1,9,0,12,0,11,4,0,2,3,1,2,0,2,0,83,83,96,1976,0.0030364372469635,0.0005060728744939,0.0055668016194331,0.0,0.0156882591093117,0.0005060728744939,0.0045546558704453,0.0,0.0060728744939271,0.0,0.0055668016194331,0.0020242914979757,0.0,0.0010121457489878,0.0015182186234817,0.0005060728744939,0.0010121457489878,0.0,0.0010121457489878,0.0
2019-12-01,2019,12,13,1,5,1,15,0,5,0,23,0,22,2,0,4,2,5,1,0,0,1,92,92,100,1863,0.0069779924852388,0.0005367686527106,0.0026838432635534,0.0005367686527106,0.0080515297906602,0.0,0.0026838432635534,0.0,0.0123456790123456,0.0,0.0118089103596349,0.0010735373054213,0.0,0.0021470746108427,0.0010735373054213,0.0026838432635534,0.0005367686527106,0.0,0.0,0.0005367686527106
2020-01-01,2020,1,10,0,5,3,13,0,5,0,18,1,11,1,1,1,3,3,0,0,0,1,64,64,76,1945,0.0051413881748071,0.0,0.0025706940874035,0.0015424164524421,0.0066838046272493,0.0,0.0025706940874035,0.0,0.0092544987146529,0.0005141388174807,0.0056555269922879,0.0005141388174807,0.0005141388174807,0.0005141388174807,0.0015424164524421,0.0015424164524421,0.0,0.0,0.0,0.0005141388174807
2020-02-01,2020,2,12,4,8,0,20,0,8,0,33,2,11,5,1,2,5,0,1,1,0,0,105,105,113,1735,0.0069164265129683,0.0023054755043227,0.0046109510086455,0.0,0.0115273775216138,0.0,0.0046109510086455,0.0,0.0190201729106628,0.0011527377521613,0.0063400576368876,0.0028818443804034,0.0005763688760806,0.0011527377521613,0.0028818443804034,0.0,0.0005763688760806,0.0005763688760806,0.0,0.0
2020-03-01,2020,3,8,0,5,3,16,0,11,1,19,2,7,6,0,3,1,0,0,0,0,0,74,74,82,2295,0.0034858387799564,0.0,0.0021786492374727,0.0013071895424836,0.0069716775599128,0.0,0.00479302832244,0.0004357298474945,0.0082788671023965,0.0008714596949891,0.0030501089324618,0.0026143790849673,0.0,0.0013071895424836,0.0004357298474945,0.0,0.0,0.0,0.0,0.0
2020-04-01,2020,4,22,0,7,0,15,0,4,1,20,0,9,7,0,8,6,2,0,0,2,0,91,91,103,2268,0.009700176366843,0.0,0.0030864197530864,0.0,0.0066137566137566,0.0,0.001763668430335,0.0004409171075837,0.0088183421516754,0.0,0.0039682539682539,0.0030864197530864,0.0,0.0035273368606701,0.0026455026455026,0.0008818342151675,0.0,0.0,0.0008818342151675,0.0
2020-05-01,2020,5,13,0,11,5,5,3,20,5,13,6,9,7,0,10,5,0,0,1,0,2,108,108,115,2536,0.0051261829652996,0.0,0.0043375394321766,0.0019716088328075,0.0019716088328075,0.0011829652996845,0.0078864353312302,0.0019716088328075,0.0051261829652996,0.002365930599369,0.0035488958990536,0.0027602523659305,0.0,0.0039432176656151,0.0019716088328075,0.0,0.0,0.0003943217665615,0.0,0.000788643533123
2020-06-01,2020,6,1,0,16,5,33,2,12,0,16,4,15,4,8,9,2,1,5,0,0,1,117,117,134,2314,0.0004321521175453,0.0,0.006914433880726,0.0021607605877268,0.0142610198789974,0.0008643042350907,0.0051858254105445,0.0,0.006914433880726,0.0017286084701815,0.0064822817631806,0.0017286084701815,0.003457216940363,0.0038893690579083,0.0008643042350907,0.0004321521175453,0.0021607605877268,0.0,0.0,0.0004321521175453
2020-07-01,2020,7,1,0,5,1,16,1,12,0,23,4,12,5,2,4,6,1,2,0,0,0,81,81,95,2340,0.0004273504273504,0.0,0.0021367521367521,0.0004273504273504,0.0068376068376068,0.0004273504273504,0.0051282051282051,0.0,0.0098290598290598,0.0017094017094017,0.0051282051282051,0.0021367521367521,0.0008547008547008,0.0017094017094017,0.0025641025641025,0.0004273504273504,0.0008547008547008,0.0,0.0,0.0
2020-08-01,2020,8,9,2,8,4,10,2,10,1,17,9,19,7,0,2,0,2,2,0,1,1,92,92,106,2205,0.0040816326530612,0.000907029478458,0.0036281179138321,0.001814058956916,0.0045351473922902,0.000907029478458,0.0045351473922902,0.000453514739229,0.0077097505668934,0.0040816326530612,0.0086167800453514,0.0031746031746031,0.0,0.000907029478458,0.0,0.000907029478458,0.000907029478458,0.0,0.000453514739229,0.000453514739229
2020-09-01,2020,9,1,1,13,1,22,0,12,0,23,2,11,6,1,5,1,3,2,1,0,0,90,90,105,2257,0.0004430660168365,0.0004430660168365,0.0057598582188746,0.0004430660168365,0.0097474523704031,0.0,0.0053167922020381,0.0,0.0101905183872397,0.000886132033673,0.0048737261852015,0.002658396101019,0.0004430660168365,0.0022153300841825,0.0004430660168365,0.0013291980505095,0.000886132033673,0.0004430660168365,0.0,0.0
2020-10-01,2020,10,28,1,17,3,12,1,4,0,16,4,6,4,0,2,1,1,0,0,1,0,94,94,101,2492,0.0112359550561797,0.0004012841091492,0.0068218298555377,0.0012038523274478,0.0048154093097913,0.0004012841091492,0.0016051364365971,0.0,0.0064205457463884,0.0016051364365971,0.0024077046548956,0.0016051364365971,0.0,0.0008025682182985,0.0004012841091492,0.0004012841091492,0.0,0.0,0.0004012841091492,0.0
2020-11-01,2020,11,7,1,6,0,19,1,11,0,16,0,5,5,3,5,3,2,2,0,0,2,77,77,88,1864,0.0037553648068669,0.0005364806866952,0.0032188841201716,0.0,0.0101931330472103,0.0005364806866952,0.005901287553648,0.0,0.0085836909871244,0.0,0.0026824034334763,0.0026824034334763,0.0016094420600858,0.0026824034334763,0.0016094420600858,0.0010729613733905,0.0010729613733905,0.0,0.0,0.0010729613733905
2020-12-01,2020,12,4,1,9,0,15,2,11,0,27,4,8,6,0,7,1,2,2,0,1,0,90,90,100,1981,0.0020191822311963,0.000504795557799,0.0045431600201918,0.0,0.0075719333669863,0.0010095911155981,0.00555275113579,0.0,0.0136294800605754,0.0020191822311963,0.0040383644623927,0.0030287733467945,0.0,0.0035335689045936,0.000504795557799,0.0010095911155981,0.0010095911155981,0.0,0.000504795557799,0.0
2021-01-01,2021,1,11,1,11,1,13,1,8,1,17,3,5,1,2,0,3,1,1,0,0,1,71,71,81,1975,0.0055696202531645,0.000506329113924,0.0055696202531645,0.000506329113924,0.0065822784810126,0.000506329113924,0.0040506329113924,0.000506329113924,0.0086075949367088,0.0015189873417721,0.0025316455696202,0.000506329113924,0.0010126582278481,0.0,0.0015189873417721,0.000506329113924,0.000506329113924,0.0,0.0,0.000506329113924
2021-02-01,2021,2,7,1,8,0,21,0,3,0,23,5,7,3,0,4,1,0,0,0,2,0,74,74,85,1824,0.0038377192982456,0.000548245614035,0.0043859649122807,0.0,0.0115131578947368,0.0,0.0016447368421052,0.0,0.012609649122807,0.0027412280701754,0.0038377192982456,0.0016447368421052,0.0,0.0021929824561403,0.000548245614035,0.0,0.0,0.0,0.0010964912280701,0.0
2021-03-01,2021,3,3,0,11,2,23,1,10,0,19,3,6,13,1,6,0,0,3,0,0,2,90,90,103,2352,0.0012755102040816,0.0,0.0046768707482993,0.0008503401360544,0.0097789115646258,0.0004251700680272,0.0042517006802721,0.0,0.008078231292517,0.0012755102040816,0.0025510204081632,0.0055272108843537,0.0004251700680272,0.0025510204081632,0.0,0.0,0.0012755102040816,0.0,0.0,0.0008503401360544
2021-04-01,2021,4,15,1,19,2,14,0,15,0,20,5,6,1,2,2,2,3,2,0,3,1,98,98,113,2119,0.0070788107597923,0.0004719207173194,0.0089664936290703,0.0009438414346389,0.0066068900424728,0.0,0.0070788107597923,0.0,0.0094384143463898,0.0023596035865974,0.0028315243039169,0.0004719207173194,0.0009438414346389,0.0009438414346389,0.0009438414346389,0.0014157621519584,0.0009438414346389,0.0,0.0014157621519584,0.0004719207173194
2021-05-01,2021,5,2,2,8,4,18,1,7,0,12,2,10,4,2,2,1,2,2,0,1,1,70,70,81,1981,0.0010095911155981,0.0010095911155981,0.0040383644623927,0.0020191822311963,0.0090863200403836,0.000504795557799,0.0035335689045936,0.0,0.006057546693589,0.0010095911155981,0.0050479555779909,0.0020191822311963,0.0010095911155981,0.0010095911155981,0.000504795557799,0.0010095911155981,0.0010095911155981,0.0,0.000504795557799,0.000504795557799
2021-06-01,2021,6,0,0,10,3,18,3,2,0,16,0,16,3,2,4,1,1,4,1,1,1,77,77,86,1869,0.0,0.0,0.005350454788657,0.0016051364365971,0.0096308186195826,0.0016051364365971,0.0010700909577314,0.0,0.0085607276618512,0.0,0.0085607276618512,0.0016051364365971,0.0010700909577314,0.0021401819154628,0.0005350454788657,0.0005350454788657,0.0021401819154628,0.0005350454788657,0.0005350454788657,0.0005350454788657
2021-07-01,2021,7,1,0,7,0,12,0,5,1,9,2,7,4,0,3,0,1,4,0,0,1,48,48,57,1757,0.0005691519635742,0.0,0.0039840637450199,0.0,0.0068298235628912,0.0,0.0028457598178713,0.0005691519635742,0.0051223676721684,0.0011383039271485,0.0039840637450199,0.002276607854297,0.0,0.0017074558907228,0.0,0.0005691519635742,0.002276607854297,0.0,0.0,0.0005691519635742
2021-08-01,2021,8,3,1,7,1,21,0,7,0,17,0,13,4,0,2,0,5,1,3,0,1,70,70,86,2008,0.0014940239043824,0.0004980079681274,0.0034860557768924,0.0004980079681274,0.0104581673306772,0.0,0.0034860557768924,0.0,0.0084661354581673,0.0,0.0064741035856573,0.0019920318725099,0.0,0.0009960159362549,0.0,0.0024900398406374,0.0004980079681274,0.0014940239043824,0.0,0.0004980079681274
2021-09-01,2021,9,1,1,15,1,15,0,11,0,18,1,17,7,0,2,0,3,1,0,1,2,82,82,96,1905,0.000524934383202,0.000524934383202,0.0078740157480314,0.000524934383202,0.0078740157480314,0.0,0.005774278215223,0.0,0.0094488188976377,0.000524934383202,0.0089238845144356,0.0036745406824146,0.0,0.0010498687664041,0.0,0.0015748031496062,0.000524934383202,0.0,0.000524934383202,0.0010498687664041
2021-10-01,2021,10,2,2,9,2,21,2,6,3,19,4,14,7,1,8,2,4,1,0,0,0,95,95,107,2065,0.0009685230024213,0.0009685230024213,0.0043583535108958,0.0009685230024213,0.0101694915254237,0.0009685230024213,0.0029055690072639,0.0014527845036319,0.0092009685230024,0.0019370460048426,0.0067796610169491,0.0033898305084745,0.0004842615012106,0.0038740920096852,0.0009685230024213,0.0019370460048426,0.0004842615012106,0.0,0.0,0.0
2021-11-01,2021,11,0,2,25,1,32,1,18,1,23,6,38,12,1,6,3,3,7,1,0,1,155,155,181,2016,0.0,0.0009920634920634,0.0124007936507936,0.0004960317460317,0.0158730158730158,0.0004960317460317,0.0089285714285714,0.0004960317460317,0.0114087301587301,0.0029761904761904,0.0188492063492063,0.0059523809523809,0.0004960317460317,0.0029761904761904,0.0014880952380952,0.0014880952380952,0.0034722222222222,0.0004960317460317,0.0,0.0004960317460317
2021-12-01,2021,12,3,1,12,0,32,0,11,1,21,3,18,3,0,5,0,5,0,0,1,1,106,106,117,1888,0.0015889830508474,0.0005296610169491,0.0063559322033898,0.0,0.0169491525423728,0.0,0.0058262711864406,0.0005296610169491,0.0111228813559322,0.0015889830508474,0.0095338983050847,0.0015889830508474,0.0,0.0026483050847457,0.0,0.0026483050847457,0.0,0.0,0.0005296610169491,0.0005296610169491
2022-01-01,2022,1,2,0,21,1,17,0,9,1,17,3,7,9,0,2,3,1,0,1,0,2,87,87,96,1618,0.0012360939431396,0.0,0.0129789864029666,0.0006180469715698,0.0105067985166872,0.0,0.0055624227441285,0.0006180469715698,0.0105067985166872,0.0018541409147095,0.0043263288009888,0.0055624227441285,0.0,0.0012360939431396,0.0018541409147095,0.0006180469715698,0.0,0.0006180469715698,0.0,0.0012360939431396
2022-02-01,2022,2,5,0,13,1,19,1,6,1,23,2,16,7,0,1,6,1,1,0,0,1,91,91,104,1864,0.0026824034334763,0.0,0.0069742489270386,0.0005364806866952,0.0101931330472103,0.0005364806866952,0.0032188841201716,0.0005364806866952,0.0123390557939914,0.0010729613733905,0.0085836909871244,0.0037553648068669,0.0,0.0005364806866952,0.0032188841201716,0.0005364806866952,0.0005364806866952,0.0,0.0,0.0005364806866952
2022-03-01,2022,3,2,0,13,0,24,0,9,0,19,3,14,11,0,5,0,2,0,0,0,0,94,94,102,2340,0.0008547008547008,0.0,0.0055555555555555,0.0,0.0102564102564102,0.0,0.0038461538461538,0.0,0.0081196581196581,0.0012820512820512,0.0059829059829059,0.0047008547008547,0.0,0.0021367521367521,0.0,0.0008547008547008,0.0,0.0,0.0,0.0
2022-04-01,2022,4,2,0,7,1,17,1,6,0,11,1,26,4,0,3,1,2,4,0,0,1,74,74,87,1896,0.0010548523206751,0.0,0.0036919831223628,0.0005274261603375,0.0089662447257383,0.0005274261603375,0.0031645569620253,0.0,0.005801687763713,0.0005274261603375,0.0137130801687763,0.0021097046413502,0.0,0.0015822784810126,0.0005274261603375,0.0010548523206751,0.0021097046413502,0.0,0.0,0.0005274261603375
2022-05-01,2022,5,1,2,10,0,17,0,9,0,22,2,12,3,0,4,2,1,6,0,0,1,84,84,92,2255,0.0004434589800443,0.0008869179600886,0.0044345898004434,0.0,0.0075388026607538,0.0,0.0039911308203991,0.0,0.0097560975609756,0.0008869179600886,0.0053215077605321,0.001330376940133,0.0,0.0017738359201773,0.0008869179600886,0.0004434589800443,0.002660753880266,0.0,0.0,0.0004434589800443
2022-06-01,2022,6,0,0,15,6,28,0,10,1,18,1,12,5,3,8,9,3,1,1,0,0,104,104,121,2195,0.0,0.0,0.0068337129840546,0.0027334851936218,0.012756264236902,0.0,0.0045558086560364,0.0004555808656036,0.0082004555808656,0.0004555808656036,0.0054669703872437,0.0022779043280182,0.0013667425968109,0.0036446469248291,0.0041002277904328,0.0013667425968109,0.0004555808656036,0.0004555808656036,0.0,0.0
2022-07-01,2022,7,1,2,17,1,18,0,10,1,20,1,10,4,0,3,0,1,6,0,1,0,85,85,96,1968,0.0005081300813008,0.0010162601626016,0.0086382113821138,0.0005081300813008,0.0091463414634146,0.0,0.0050813008130081,0.0005081300813008,0.0101626016260162,0.0005081300813008,0.0050813008130081,0.0020325203252032,0.0,0.0015243902439024,0.0,0.0005081300813008,0.0030487804878048,0.0,0.0005081300813008,0.0
2022-08-01,2022,8,1,2,6,1,13,0,3,1,12,2,8,5,0,2,1,0,3,0,0,0,55,55,60,1650,0.0006060606060606,0.0012121212121212,0.0036363636363636,0.0006060606060606,0.0078787878787878,0.0,0.0018181818181818,0.0006060606060606,0.0072727272727272,0.0012121212121212,0.0048484848484848,0.003030303030303,0.0,0.0012121212121212,0.0006060606060606,0.0,0.0018181818181818,0.0,0.0,0.0
2022-09-01,2022,9,2,1,20,0,18,1,8,1,12,0,18,6,0,2,2,2,6,0,0,1,92,92,100,2093,0.0009555661729574,0.0004777830864787,0.0095556617295747,0.0,0.0086000955566172,0.0004777830864787,0.0038222646918299,0.0004777830864787,0.0057333970377448,0.0,0.0086000955566172,0.0028666985188724,0.0,0.0009555661729574,0.0009555661729574,0.0009555661729574,0.0028666985188724,0.0,0.0,0.0004777830864787
2022-10-01,2022,10,5,2,13,1,23,0,17,0,21,5,14,9,3,2,2,3,2,0,0,1,104,104,123,1773,0.0028200789622109,0.0011280315848843,0.0073322053017484,0.0005640157924421,0.0129723632261703,0.0,0.0095882684715172,0.0,0.0118443316412859,0.0028200789622109,0.0078962210941906,0.0050761421319796,0.0016920473773265,0.0011280315848843,0.0011280315848843,0.0016920473773265,0.0011280315848843,0.0,0.0,0.0005640157924421
2022-11-01,2022,11,10,0,19,1,26,0,11,1,17,2,17,26,2,2,1,4,1,0,0,0,122,122,140,1788,0.0055928411633109,0.0,0.0106263982102908,0.000559284116331,0.0145413870246085,0.0,0.006152125279642,0.000559284116331,0.0095078299776286,0.0011185682326621,0.0095078299776286,0.0145413870246085,0.0011185682326621,0.0011185682326621,0.000559284116331,0.0022371364653243,0.000559284116331,0.0,0.0,0.0
2022-12-01,2022,12,4,2,4,0,15,0,8,2,12,5,16,5,0,3,2,2,3,2,0,1,80,80,86,1501,0.0026648900732844,0.0013324450366422,0.0026648900732844,0.0,0.0099933377748167,0.0,0.0053297801465689,0.0013324450366422,0.0079946702198534,0.0033311125916055,0.0106595602931379,0.0033311125916055,0.0,0.0019986675549633,0.0013324450366422,0.0013324450366422,0.0019986675549633,0.0013324450366422,0.0,0.0006662225183211
2023-01-01,2023,1,5,1,9,0,13,1,10,0,17,6,19,3,3,5,0,2,2,1,0,2,86,86,99,1502,0.0033288948069241,0.0006657789613848,0.0059920106524633,0.0,0.0086551264980026,0.0006657789613848,0.0066577896138482,0.0,0.0113182423435419,0.0039946737683089,0.0126498002663115,0.0019973368841544,0.0019973368841544,0.0033288948069241,0.0,0.0013315579227696,0.0013315579227696,0.0006657789613848,0.0,0.0013315579227696
2023-02-01,2023,2,5,3,9,0,13,0,3,0,8,4,9,2,0,4,1,2,1,0,0,1,60,60,65,1316,0.0037993920972644,0.0022796352583586,0.0068389057750759,0.0,0.0098784194528875,0.0,0.0022796352583586,0.0,0.0060790273556231,0.0030395136778115,0.0068389057750759,0.0015197568389057,0.0,0.0030395136778115,0.0007598784194528,0.0015197568389057,0.0007598784194528,0.0,0.0,0.0007598784194528
2023-03-01,2023,3,8,3,14,0,28,0,10,0,20,0,18,6,1,2,4,5,5,0,0,1,109,109,125,2052,0.0038986354775828,0.0014619883040935,0.0068226120857699,0.0,0.0136452241715399,0.0,0.0048732943469785,0.0,0.0097465886939571,0.0,0.0087719298245614,0.0029239766081871,0.0004873294346978,0.0009746588693957,0.0019493177387914,0.0024366471734892,0.0024366471734892,0.0,0.0,0.0004873294346978
2023-04-01,2023,4,10,2,22,0,17,0,9,0,20,4,11,0,0,2,2,3,2,0,0,0,88,88,104,1779,0.0056211354693648,0.0011242270938729,0.0123664980326025,0.0,0.0095559302979201,0.0,0.0050590219224283,0.0,0.0112422709387296,0.0022484541877459,0.0061832490163012,0.0,0.0,0.0011242270938729,0.0011242270938729,0.0016863406408094,0.0011242270938729,0.0,0.0,0.0
2023-05-01,2023,5,0,0,10,1,27,1,6,0,14,2,18,1,0,1,0,1,1,0,0,1,72,72,84,1923,0.0,0.0,0.0052002080083203,0.000520020800832,0.0140405616224648,0.000520020800832,0.0031201248049922,0.0,0.0072802912116484,0.001040041601664,0.0093603744149766,0.000520020800832,0.0,0.000520020800832,0.0,0.000520020800832,0.000520020800832,0.0,0.0,0.000520020800832
2023-06-01,2023,6,1,5,10,2,20,4,7,0,16,2,16,1,0,3,3,1,9,0,0,0,87,87,100,1634,0.0006119951040391,0.0030599755201958,0.0061199510403916,0.0012239902080783,0.0122399020807833,0.0024479804161566,0.0042839657282741,0.0,0.0097919216646266,0.0012239902080783,0.0097919216646266,0.0006119951040391,0.0,0.0018359853121175,0.0018359853121175,0.0006119951040391,0.0055079559363525,0.0,0.0,0.0
2023-07-01,2023,7,0,2,14,2,29,1,12,1,13,3,2,1,1,1,0,3,0,0,0,0,73,73,85,1705,0.0,0.0011730205278592,0.0082111436950146,0.0011730205278592,0.0170087976539589,0.0005865102639296,0.0070381231671554,0.0005865102639296,0.007624633431085,0.0017595307917888,0.0011730205278592,0.0005865102639296,0.0005865102639296,0.0005865102639296,0.0,0.0017595307917888,0.0,0.0,0.0,0.0
2023-08-01,2023,8,4,0,8,0,21,4,8,0,15,0,12,5,0,1,1,0,3,0,0,0,69,69,82,1598,0.0025031289111389,0.0,0.0050062578222778,0.0,0.0131414267834793,0.0025031289111389,0.0050062578222778,0.0,0.0093867334167709,0.0,0.0075093867334167,0.0031289111389236,0.0,0.0006257822277847,0.0006257822277847,0.0,0.0018773466833541,0.0,0.0,0.0
2023-09-01,2023,9,4,5,10,2,29,2,2,0,28,2,13,5,0,6,1,1,2,0,0,0,97,97,112,1717,0.0023296447291788,0.0029120559114735,0.005824111822947,0.0011648223645894,0.0168899242865463,0.0011648223645894,0.0011648223645894,0.0,0.0163075131042516,0.0011648223645894,0.0075713453698311,0.0029120559114735,0.0,0.0034944670937682,0.0005824111822947,0.0005824111822947,0.0011648223645894,0.0,0.0,0.0
2023-10-01,2023,10,6,1,17,0,36,1,3,1,27,1,11,0,0,4,2,0,3,0,4,0,98,98,117,1929,0.0031104199066874,0.0005184033177812,0.0088128564022809,0.0,0.0186625194401244,0.0005184033177812,0.0015552099533437,0.0005184033177812,0.0139968895800933,0.0005184033177812,0.0057024364955935,0.0,0.0,0.0020736132711249,0.0010368066355624,0.0,0.0015552099533437,0.0,0.0020736132711249,0.0
2023-11-01,2023,11,6,2,10,1,23,0,6,0,17,0,11,5,0,5,0,1,2,0,0,0,82,82,89,1664,0.0036057692307692,0.001201923076923,0.0060096153846153,0.0006009615384615,0.0138221153846153,0.0,0.0036057692307692,0.0,0.0102163461538461,0.0,0.0066105769230769,0.0030048076923076,0.0,0.0030048076923076,0.0,0.0006009615384615,0.001201923076923,0.0,0.0,0.0
2023-12-01,2023,12,45,4,6,1,27,0,3,4,6,2,16,3,2,0,1,3,3,0,0,0,113,113,126,1493,0.030140656396517,0.0026791694574681,0.0040187541862022,0.000669792364367,0.0180843938379102,0.0,0.0020093770931011,0.0026791694574681,0.0040187541862022,0.001339584728734,0.0107166778298727,0.0020093770931011,0.001339584728734,0.0,0.000669792364367,0.0020093770931011,0.0020093770931011,0.0,0.0,0.0
2024-01-01,2024,1,17,1,4,0,12,0,5,1,16,0,7,3,2,5,1,0,5,0,1,0,69,69,80,1425,0.0119298245614035,0.0007017543859649,0.0028070175438596,0.0,0.0084210526315789,0.0,0.0035087719298245,0.0007017543859649,0.0112280701754385,0.0,0.0049122807017543,0.0021052631578947,0.0014035087719298,0.0035087719298245,0.0007017543859649,0.0,0.0035087719298245,0.0,0.0007017543859649,0.0
2024-02-01,2024,2,6,4,11,3,19,0,4,1,11,0,25,4,1,2,0,4,4,0,0,1,88,88,100,1738,0.003452243958573,0.002301495972382,0.0063291139240506,0.0017261219792865,0.0109321058688147,0.0,0.002301495972382,0.0005753739930955,0.0063291139240506,0.0,0.0143843498273878,0.002301495972382,0.0005753739930955,0.001150747986191,0.0,0.002301495972382,0.002301495972382,0.0,0.0,0.0005753739930955
2024-03-01,2024,3,4,1,16,2,33,0,7,0,19,0,18,6,0,4,0,2,2,0,0,1,99,99,115,1707,0.0023432923257176,0.0005858230814294,0.0093731693028705,0.0011716461628588,0.0193321616871704,0.0,0.0041007615700058,0.0,0.0111306385471587,0.0,0.0105448154657293,0.0035149384885764,0.0,0.0023432923257176,0.0,0.0011716461628588,0.0011716461628588,0.0,0.0,0.0005858230814294
2024-04-01,2024,4,56,1,9,2,14,0,11,7,21,2,11,9,0,5,3,2,5,0,0,0,139,139,158,1442,0.0388349514563106,0.0006934812760055,0.0062413314840499,0.001386962552011,0.0097087378640776,0.0,0.007628294036061,0.0048543689320388,0.0145631067961165,0.001386962552011,0.007628294036061,0.0062413314840499,0.0,0.0034674063800277,0.0020804438280166,0.001386962552011,0.0034674063800277,0.0,0.0,0.0
2024-05-01,2024,5,48,8,17,1,31,1,7,5,25,0,18,3,0,3,0,1,11,0,0,0,162,162,179,1650,0.029090909090909,0.0048484848484848,0.0103030303030303,0.0006060606060606,0.0187878787878787,0.0006060606060606,0.0042424242424242,0.003030303030303,0.0151515151515151,0.0,0.0109090909090909,0.0018181818181818,0.0,0.0018181818181818,0.0,0.0006060606060606,0.0066666666666666,0.0,0.0,0.0
2024-06-01,2024,6,3,3,16,3,27,0,10,1,11,1,14,2,3,4,4,1,3,0,2,1,96,96,109,1449,0.0020703933747412,0.0020703933747412,0.0110420979986197,0.0020703933747412,0.0186335403726708,0.0,0.0069013112491373,0.0006901311249137,0.007591442374051,0.0006901311249137,0.0096618357487922,0.0013802622498274,0.0020703933747412,0.0027605244996549,0.0027605244996549,0.0006901311249137,0.0020703933747412,0.0,0.0013802622498274,0.0006901311249137
2024-07-01,2024,7,1,1,9,0,15,1,2,1,12,1,1,1,1,1,1,2,4,1,0,0,48,48,55,1341,0.0007457121551081,0.0007457121551081,0.0067114093959731,0.0,0.0111856823266219,0.0007457121551081,0.0014914243102162,0.0007457121551081,0.0089485458612975,0.0007457121551081,0.0007457121551081,0.0007457121551081,0.0007457121551081,0.0007457121551081,0.0007457121551081,0.0014914243102162,0.0029828486204325,0.0007457121551081,0.0,0.0
2024-08-01,2024,8,2,1,18,2,23,9,7,1,15,1,10,4,0,1,1,2,0,0,1,1,84,84,99,1489,0.0013431833445265,0.0006715916722632,0.0120886501007387,0.0013431833445265,0.015446608462055,0.0060443250503693,0.0047011417058428,0.0006715916722632,0.0100738750839489,0.0006715916722632,0.0067159167226326,0.002686366689053,0.0,0.0006715916722632,0.0006715916722632,0.0013431833445265,0.0,0.0,0.0006715916722632,0.0006715916722632
2024-09-01,2024,9,7,6,9,1,23,2,3,1,13,2,23,5,2,3,0,1,5,0,0,0,95,95,106,1643,0.0042604990870359,0.0036518563603164,0.0054777845404747,0.0006086427267194,0.0139987827145465,0.0012172854534388,0.0018259281801582,0.0006086427267194,0.0079123554473524,0.0012172854534388,0.0139987827145465,0.003043213633597,0.0012172854534388,0.0018259281801582,0.0,0.0006086427267194,0.003043213633597,0.0,0.0,0.0
2024-10-01,2024,10,4,5,18,2,26,0,4,0,16,0,14,1,0,0,1,1,7,0,0,0,85,85,99,1308,0.0030581039755351,0.0038226299694189,0.0137614678899082,0.0015290519877675,0.0198776758409785,0.0,0.0030581039755351,0.0,0.0122324159021406,0.0,0.010703363914373,0.0007645259938837,0.0,0.0,0.0007645259938837,0.0007645259938837,0.0053516819571865,0.0,0.0,0.0
2024-11-01,2024,11,4,5,14,0,32,1,6,1,25,2,13,3,3,2,1,3,4,0,0,0,104,104,119,1342,0.0029806259314456,0.003725782414307,0.0104321907600596,0.0,0.0238450074515648,0.0007451564828614,0.0044709388971684,0.0007451564828614,0.018628912071535,0.0014903129657228,0.0096870342771982,0.0022354694485842,0.0022354694485842,0.0014903129657228,0.0007451564828614,0.0022354694485842,0.0029806259314456,0.0,0.0,0.0
2024-12-01,2024,12,6,3,14,2,26,2,3,1,11,1,13,4,0,0,0,3,1,1,0,0,76,76,91,1225,0.0048979591836734,0.0024489795918367,0.0114285714285714,0.0016326530612244,0.0212244897959183,0.0016326530612244,0.0024489795918367,0.0008163265306122,0.0089795918367346,0.0008163265306122,0.0106122448979591,0.0032653061224489,0.0,0.0,0.0,0.0024489795918367,0.0008163265306122,0.0008163265306122,0.0,0.0
2025-01-01,2025,1,6,0,10,0,21,1,6,0,6,2,7,3,0,2,0,0,2,1,0,1,58,58,68,1157,0.0051858254105445,0.0,0.0086430423509075,0.0,0.0181503889369057,0.0008643042350907,0.0051858254105445,0.0,0.0051858254105445,0.0017286084701815,0.0060501296456352,0.0025929127052722,0.0,0.0017286084701815,0.0,0.0,0.0017286084701815,0.0008643042350907,0.0,0.0008643042350907
2025-02-01,2025,2,7,2,11,0,13,1,4,0,8,2,11,4,0,3,0,3,4,0,1,1,67,67,75,1230,0.0056910569105691,0.0016260162601626,0.0089430894308943,0.0,0.0105691056910569,0.0008130081300813,0.0032520325203252,0.0,0.0065040650406504,0.0016260162601626,0.0089430894308943,0.0032520325203252,0.0,0.0024390243902439,0.0,0.0024390243902439,0.0032520325203252,0.0,0.0008130081300813,0.0008130081300813
2025-03-01,2025,3,6,8,16,0,25,2,10,0,20,0,11,5,0,0,3,1,6,0,2,0,101,101,115,1290,0.0046511627906976,0.0062015503875968,0.0124031007751937,0.0,0.0193798449612403,0.0015503875968992,0.0077519379844961,0.0,0.0155038759689922,0.0,0.0085271317829457,0.003875968992248,0.0,0.0,0.0023255813953488,0.0007751937984496,0.0046511627906976,0.0,0.0015503875968992,0.0
2025-04-01,2025,4,4,4,12,2,28,0,5,1,15,0,8,1,1,2,1,0,1,0,0,0,73,73,85,1329,0.0030097817908201,0.0030097817908201,0.0090293453724604,0.00150489089541,0.0210684725357411,0.0,0.0037622272385252,0.000752445447705,0.0112866817155756,0.0,0.0060195635816403,0.000752445447705,0.000752445447705,0.00150489089541,0.000752445447705,0.0,0.000752445447705,0.0,0.0,0.0
2025-05-01,2025,5,1,2,17,3,29,0,6,0,26,3,8,1,1,4,2,0,4,0,1,0,97,97,108,1645,0.0006079027355623,0.0012158054711246,0.0103343465045592,0.0018237082066869,0.0176291793313069,0.0,0.0036474164133738,0.0,0.01580547112462,0.0018237082066869,0.0048632218844984,0.0006079027355623,0.0006079027355623,0.0024316109422492,0.0012158054711246,0.0,0.0024316109422492,0.0,0.0006079027355623,0.0
2025-06-01,2025,6,1,6,26,0,41,0,5,0,20,1,12,2,0,0,2,2,9,0,0,0,112,112,127,1717,0.0005824111822947,0.0034944670937682,0.0151426907396622,0.0,0.0238788584740827,0.0,0.0029120559114735,0.0,0.011648223645894,0.0005824111822947,0.0069889341875364,0.0011648223645894,0.0,0.0,0.0011648223645894,0.0011648223645894,0.0052417006406523,0.0,0.0,0.0
2025-07-01,2025,7,0,1,14,0,23,0,3,0,13,0,10,4,0,4,0,2,3,0,0,0,69,69,77,1566,0.0,0.0006385696040868,0.0089399744572158,0.0,0.0146871008939974,0.0,0.0019157088122605,0.0,0.0083014048531289,0.0,0.0063856960408684,0.0025542784163473,0.0,0.0025542784163473,0.0,0.0012771392081736,0.0019157088122605,0.0,0.0,0.0
2025-08-01,2025,8,1,2,13,1,33,0,5,0,20,3,15,2,2,1,2,3,6,0,0,0,95,95,109,1658,0.0006031363088057,0.0012062726176115,0.0078407720144752,0.0006031363088057,0.019903498190591,0.0,0.0030156815440289,0.0,0.0120627261761158,0.0018094089264173,0.0090470446320868,0.0012062726176115,0.0012062726176115,0.0006031363088057,0.0012062726176115,0.0018094089264173,0.0036188178528347,0.0,0.0,0.0
2025-09-01,2025,9,1,2,9,0,36,0,3,0,22,2,20,2,0,0,1,1,3,0,0,1,92,92,103,1538,0.0006501950585175,0.0013003901170351,0.0058517555266579,0.0,0.0234070221066319,0.0,0.0019505851755526,0.0,0.0143042912873862,0.0013003901170351,0.0130039011703511,0.0013003901170351,0.0,0.0,0.0006501950585175,0.0006501950585175,0.0019505851755526,0.0,0.0,0.0006501950585175
2025-10-01,2025,10,7,2,15,3,17,0,3,1,9,0,13,1,0,1,0,0,6,0,1,0,71,71,79,1447,0.0048375950241879,0.0013821700069108,0.0103662750518313,0.0020732550103662,0.0117484450587422,0.0,0.0020732550103662,0.0006910850034554,0.0062197650310988,0.0,0.0089841050449205,0.0006910850034554,0.0,0.0006910850034554,0.0,0.0,0.0041465100207325,0.0,0.0006910850034554,0.0
2025-11-01,2025,11,2,4,6,1,11,0,4,0,9,3,11,1,0,0,2,1,1,0,0,0,50,50,56,1137,0.001759014951627,0.0035180299032541,0.0052770448548812,0.0008795074758135,0.0096745822339489,0.0,0.0035180299032541,0.0,0.0079155672823219,0.0026385224274406,0.0096745822339489,0.0008795074758135,0.0,0.0,0.001759014951627,0.0008795074758135,0.0008795074758135,0.0,0.0,0.0
2025-12-01,2025,12,8,3,16,0,12,0,4,0,7,0,9,7,1,4,0,0,2,0,0,0,66,66,73,1125,0.0071111111111111,0.0026666666666666,0.0142222222222222,0.0,0.0106666666666666,0.0,0.0035555555555555,0.0,0.0062222222222222,0.0,0.008,0.0062222222222222,0.0008888888888888,0.0035555555555555,0.0,0.0,0.0017777777777777,0.0,0.0,0.0
2026-01-01,2026,1,8,3,14,1,32,0,8,0,13,1,9,5,1,1,1,2,5,0,0,1,91,91,105,1472,0.0054347826086956,0.0020380434782608,0.0095108695652173,0.0006793478260869,0.0217391304347826,0.0,0.0054347826086956,0.0,0.0088315217391304,0.0006793478260869,0.0061141304347826,0.0033967391304347,0.0006793478260869,0.0006793478260869,0.0006793478260869,0.0013586956521739,0.0033967391304347,0.0,0.0,0.0006793478260869
2026-02-01,2026,2,4,3,17,2,34,1,4,0,25,3,14,2,0,1,2,3,5,0,0,0,104,104,120,1653,0.0024198427102238,0.0018148820326678,0.0102843315184513,0.0012099213551119,0.0205686630369026,0.0006049606775559,0.0024198427102238,0.0,0.0151240169388989,0.0018148820326678,0.0084694494857834,0.0012099213551119,0.0,0.0006049606775559,0.0012099213551119,0.0018148820326678,0.0030248033877797,0.0,0.0,0.0
2026-03-01,2026,3,0,0,0,0,0,0,0,0,0,0,0,0,0,0,0,0,0,0,0,0,0,0,0,24,0.0,0.0,0.0,0.0,0.0,0.0,0.0,0.0,0.0,0.0,0.0,0.0,0.0,0.0,0.0,0.0,0.0,0.0,0.0,0.0
2026-04-01,2026,4,0,0,0,0,0,0,0,0,0,0,0,0,0,0,0,0,0,0,0,0,0,0,0,0,,,,,,,,,,,,,,,,,,,,
