country,influencer,date,year,month,-999,arms_transfer_security_aid_assistance,bribery_economic_corruption,cyber_attack,diplomatic_action,diplomatic_mediation,diplomatic_meeting,diplomatic_statement,diplomatic_ties,foreign_aid_assistance,foreign_investment,intelligence_counterintelligence,joint_security_force_exercise,media_campaign_intervention,military_activity,political_process_policy_intervention,security_engagement,social_academic_cultural_activity,tech_transfer_investment,trade_agreement_exchange,trade_financial_sanction,transnational_organization_crime,-999Norm,arms_transfer_security_aid_assistanceNorm,bribery_economic_corruptionNorm,cyber_attackNorm,diplomatic_actionNorm,diplomatic_mediationNorm,diplomatic_meetingNorm,diplomatic_statementNorm,diplomatic_tiesNorm,foreign_aid_assistanceNorm,foreign_investmentNorm,intelligence_counterintelligenceNorm,joint_security_force_exerciseNorm,media_campaign_interventionNorm,military_activityNorm,political_process_policy_interventionNorm,security_engagementNorm,social_academic_cultural_activityNorm,tech_transfer_investmentNorm,trade_agreement_exchangeNorm,trade_financial_sanctionNorm,transnational_organization_crimeNorm
Georgia,Combined,2012-01-01,2012,1,52,0,0,0,0,0,0,0,0,0,0,0,0,0,0,0,0,0,0,0,0,0,1.0,0.0,0.0,0.0,0.0,0.0,0.0,0.0,0.0,0.0,0.0,0.0,0.0,0.0,0.0,0.0,0.0,0.0,0.0,0.0,0.0,0.0
Georgia,Combined,2012-02-01,2012,2,105,1,0,0,2,0,0,0,0,0,0,0,3,0,0,0,0,0,0,0,1,0,0.8974358974358975,0.0085470085470085,0.0,0.0,0.017094017094017,0.0,0.0,0.0,0.0,0.0,0.0,0.0,0.0256410256410256,0.0,0.0,0.0,0.0,0.0,0.0,0.0,0.0085470085470085,0.0
Georgia,Combined,2012-03-01,2012,3,71,0,0,0,0,0,0,0,0,0,1,0,0,0,1,0,0,0,0,1,0,0,0.922077922077922,0.0,0.0,0.0,0.0,0.0,0.0,0.0,0.0,0.0,0.0129870129870129,0.0,0.0,0.0,0.0129870129870129,0.0,0.0,0.0,0.0,0.0129870129870129,0.0,0.0
Georgia,Combined,2012-04-01,2012,4,127,0,0,0,0,0,0,0,0,0,0,0,0,0,2,0,0,1,0,0,0,0,0.9694656488549618,0.0,0.0,0.0,0.0,0.0,0.0,0.0,0.0,0.0,0.0,0.0,0.0,0.0,0.015267175572519,0.0,0.0,0.0076335877862595,0.0,0.0,0.0,0.0
Georgia,Combined,2012-05-01,2012,5,116,0,0,0,0,0,0,0,0,0,1,0,2,0,1,0,0,0,0,0,0,0,0.943089430894309,0.0,0.0,0.0,0.0,0.0,0.0,0.0,0.0,0.0,0.008130081300813,0.0,0.016260162601626,0.0,0.008130081300813,0.0,0.0,0.0,0.0,0.0,0.0,0.0
Georgia,Combined,2012-06-01,2012,6,79,0,0,0,0,0,0,1,0,0,0,0,0,0,2,0,0,0,0,0,0,0,0.9404761904761904,0.0,0.0,0.0,0.0,0.0,0.0,0.0119047619047619,0.0,0.0,0.0,0.0,0.0,0.0,0.0238095238095238,0.0,0.0,0.0,0.0,0.0,0.0,0.0
Georgia,Combined,2012-07-01,2012,7,78,0,0,0,0,0,0,0,0,0,0,0,1,0,0,0,0,0,0,0,0,0,0.9873417721518988,0.0,0.0,0.0,0.0,0.0,0.0,0.0,0.0,0.0,0.0,0.0,0.0126582278481012,0.0,0.0,0.0,0.0,0.0,0.0,0.0,0.0,0.0
Georgia,Combined,2012-08-01,2012,8,98,0,0,0,0,1,0,0,0,0,0,0,1,0,10,0,0,0,0,0,0,0,0.875,0.0,0.0,0.0,0.0,0.0089285714285714,0.0,0.0,0.0,0.0,0.0,0.0,0.0089285714285714,0.0,0.0892857142857142,0.0,0.0,0.0,0.0,0.0,0.0,0.0
Georgia,Combined,2012-09-01,2012,9,527,1,0,0,0,0,0,1,1,0,1,0,6,0,3,1,0,0,0,0,0,0,0.8887015177065767,0.0016863406408094,0.0,0.0,0.0,0.0,0.0,0.0016863406408094,0.0016863406408094,0.0,0.0016863406408094,0.0,0.0101180438448566,0.0,0.0050590219224283,0.0016863406408094,0.0,0.0,0.0,0.0,0.0,0.0
Georgia,Combined,2012-10-01,2012,10,595,0,0,0,1,0,0,4,1,0,0,1,1,0,2,4,1,0,0,1,0,0,0.9444444444444444,0.0,0.0,0.0,0.0015873015873015,0.0,0.0,0.0063492063492063,0.0015873015873015,0.0,0.0,0.0015873015873015,0.0015873015873015,0.0,0.0031746031746031,0.0063492063492063,0.0015873015873015,0.0,0.0,0.0015873015873015,0.0,0.0
Georgia,Combined,2012-11-01,2012,11,459,0,0,0,0,1,0,0,0,0,0,0,3,0,0,0,0,2,0,2,0,0,0.9765957446808512,0.0,0.0,0.0,0.0,0.002127659574468,0.0,0.0,0.0,0.0,0.0,0.0,0.0063829787234042,0.0,0.0,0.0,0.0,0.0042553191489361,0.0,0.0042553191489361,0.0,0.0
Georgia,Combined,2012-12-01,2012,12,385,0,0,0,0,2,1,2,0,0,0,0,1,0,1,0,0,0,0,0,0,0,0.979643765903308,0.0,0.0,0.0,0.0,0.005089058524173,0.0025445292620865,0.005089058524173,0.0,0.0,0.0,0.0,0.0025445292620865,0.0,0.0025445292620865,0.0,0.0,0.0,0.0,0.0,0.0,0.0
Georgia,Combined,2013-01-01,2013,1,475,0,0,0,0,0,1,0,1,0,0,0,2,0,0,0,0,0,0,0,0,0,0.9834368530020704,0.0,0.0,0.0,0.0,0.0,0.0020703933747412,0.0,0.0020703933747412,0.0,0.0,0.0,0.0041407867494824,0.0,0.0,0.0,0.0,0.0,0.0,0.0,0.0,0.0
Georgia,Combined,2013-02-01,2013,2,679,0,0,1,0,1,1,1,0,0,2,0,0,0,2,0,0,1,0,2,1,0,0.9713876967095852,0.0,0.0,0.0014306151645207,0.0,0.0014306151645207,0.0014306151645207,0.0014306151645207,0.0,0.0,0.0028612303290414,0.0,0.0,0.0,0.0028612303290414,0.0,0.0,0.0014306151645207,0.0,0.0028612303290414,0.0014306151645207,0.0
Georgia,Combined,2013-03-01,2013,3,642,0,1,0,1,0,1,1,0,0,0,0,2,0,1,1,0,3,0,0,0,0,0.966867469879518,0.0,0.0015060240963855,0.0,0.0015060240963855,0.0,0.0015060240963855,0.0015060240963855,0.0,0.0,0.0,0.0,0.003012048192771,0.0,0.0015060240963855,0.0015060240963855,0.0,0.0045180722891566,0.0,0.0,0.0,0.0
Georgia,Combined,2013-04-01,2013,4,686,0,0,0,0,0,0,2,0,0,0,1,1,0,3,0,0,1,0,1,1,0,0.9183400267737616,0.0,0.0,0.0,0.0,0.0,0.0,0.002677376171352,0.0,0.0,0.0,0.001338688085676,0.001338688085676,0.0,0.0040160642570281,0.0,0.0,0.001338688085676,0.0,0.001338688085676,0.001338688085676,0.0
Georgia,Combined,2013-05-01,2013,5,625,0,0,0,0,0,0,1,1,0,2,0,1,0,0,0,0,0,0,0,0,0,0.884016973125884,0.0,0.0,0.0,0.0,0.0,0.0,0.0014144271570014,0.0014144271570014,0.0,0.0028288543140028,0.0,0.0014144271570014,0.0,0.0,0.0,0.0,0.0,0.0,0.0,0.0,0.0
Georgia,Combined,2013-06-01,2013,6,916,0,1,0,1,3,0,2,0,0,1,1,1,0,5,0,0,0,0,0,0,0,0.96218487394958,0.0,0.0010504201680672,0.0,0.0010504201680672,0.0031512605042016,0.0,0.0021008403361344,0.0,0.0,0.0010504201680672,0.0010504201680672,0.0010504201680672,0.0,0.0052521008403361,0.0,0.0,0.0,0.0,0.0,0.0,0.0
Georgia,Combined,2013-07-01,2013,7,961,0,0,0,0,0,1,2,1,1,0,0,0,0,2,1,0,0,0,0,1,0,0.9796126401630988,0.0,0.0,0.0,0.0,0.0,0.001019367991845,0.0020387359836901,0.001019367991845,0.001019367991845,0.0,0.0,0.0,0.0,0.0020387359836901,0.001019367991845,0.0,0.0,0.0,0.0,0.001019367991845,0.0
Georgia,Combined,2013-08-01,2013,8,897,0,0,0,0,1,0,3,3,0,0,0,4,0,3,0,0,0,0,1,0,0,0.9502118644067796,0.0,0.0,0.0,0.0,0.0010593220338983,0.0,0.0031779661016949,0.0031779661016949,0.0,0.0,0.0,0.0042372881355932,0.0,0.0031779661016949,0.0,0.0,0.0,0.0,0.0010593220338983,0.0,0.0
Georgia,Combined,2013-09-01,2013,9,734,0,0,0,2,1,0,6,1,0,1,1,5,0,8,0,0,2,0,4,3,0,0.9507772020725388,0.0,0.0,0.0,0.0025906735751295,0.0012953367875647,0.0,0.0077720207253886,0.0012953367875647,0.0,0.0012953367875647,0.0012953367875647,0.0064766839378238,0.0,0.0103626943005181,0.0,0.0,0.0025906735751295,0.0,0.005181347150259,0.0038860103626943,0.0
Georgia,Combined,2013-10-01,2013,10,901,0,0,0,3,0,1,1,1,0,1,1,1,0,7,1,0,0,0,2,1,0,0.9585106382978724,0.0,0.0,0.0,0.0031914893617021,0.0,0.001063829787234,0.001063829787234,0.001063829787234,0.0,0.001063829787234,0.001063829787234,0.001063829787234,0.0,0.0074468085106382,0.001063829787234,0.0,0.0,0.0,0.002127659574468,0.001063829787234,0.0
Georgia,Combined,2013-11-01,2013,11,776,0,0,0,1,0,1,3,1,0,0,0,3,0,5,0,0,1,0,1,0,0,0.9474969474969476,0.0,0.0,0.0,0.0012210012210012,0.0,0.0012210012210012,0.0036630036630036,0.0012210012210012,0.0,0.0,0.0,0.0036630036630036,0.0,0.0061050061050061,0.0,0.0,0.0012210012210012,0.0,0.0012210012210012,0.0,0.0
Georgia,Combined,2013-12-01,2013,12,786,0,0,0,2,0,0,1,2,1,1,0,0,0,0,0,0,1,0,0,0,0,0.9632352941176472,0.0,0.0,0.0,0.0024509803921568,0.0,0.0,0.0012254901960784,0.0024509803921568,0.0012254901960784,0.0012254901960784,0.0,0.0,0.0,0.0,0.0,0.0,0.0012254901960784,0.0,0.0,0.0,0.0
Georgia,Combined,2014-01-01,2014,1,696,0,0,0,0,0,0,2,0,0,1,0,3,0,5,0,0,0,0,0,0,0,0.8710888610763454,0.0,0.0,0.0,0.0,0.0,0.0,0.0025031289111389,0.0,0.0,0.0012515644555694,0.0,0.0037546933667083,0.0,0.0062578222778473,0.0,0.0,0.0,0.0,0.0,0.0,0.0
Georgia,Combined,2014-02-01,2014,2,850,0,0,0,1,0,1,9,2,0,0,1,4,0,8,0,1,0,0,0,0,1,0.9279475982532752,0.0,0.0,0.0,0.0010917030567685,0.0,0.0010917030567685,0.009825327510917,0.0021834061135371,0.0,0.0,0.0010917030567685,0.0043668122270742,0.0,0.0087336244541484,0.0,0.0010917030567685,0.0,0.0,0.0,0.0,0.0010917030567685
Georgia,Combined,2014-03-01,2014,3,648,1,0,2,0,0,0,6,2,0,0,0,5,0,12,1,0,0,0,0,0,0,0.9529411764705882,0.0014705882352941,0.0,0.0029411764705882,0.0,0.0,0.0,0.0088235294117647,0.0029411764705882,0.0,0.0,0.0,0.0073529411764705,0.0,0.0176470588235294,0.0014705882352941,0.0,0.0,0.0,0.0,0.0,0.0
Georgia,Combined,2014-04-01,2014,4,716,0,0,0,1,0,1,4,1,0,1,0,5,2,15,0,1,0,0,0,1,0,0.950863213811421,0.0,0.0,0.0,0.0013280212483399,0.0,0.0013280212483399,0.0053120849933598,0.0013280212483399,0.0,0.0013280212483399,0.0,0.0066401062416998,0.0026560424966799,0.0199203187250996,0.0,0.0013280212483399,0.0,0.0,0.0,0.0013280212483399,0.0
Georgia,Combined,2014-05-01,2014,5,744,0,0,0,0,0,0,3,0,0,0,0,0,0,4,1,0,1,0,1,1,0,0.9712793733681462,0.0,0.0,0.0,0.0,0.0,0.0,0.0039164490861618,0.0,0.0,0.0,0.0,0.0,0.0,0.0052219321148825,0.0013054830287206,0.0,0.0013054830287206,0.0,0.0013054830287206,0.0013054830287206,0.0
Georgia,Combined,2014-06-01,2014,6,787,1,0,0,0,1,0,6,2,0,1,0,3,0,3,1,2,2,0,7,3,0,0.8882618510158014,0.0011286681715575,0.0,0.0,0.0,0.0011286681715575,0.0,0.0067720090293453,0.0022573363431151,0.0,0.0011286681715575,0.0,0.0033860045146726,0.0,0.0033860045146726,0.0011286681715575,0.0022573363431151,0.0022573363431151,0.0,0.0079006772009029,0.0033860045146726,0.0
Georgia,Combined,2014-07-01,2014,7,753,0,0,0,3,0,0,2,1,0,1,0,0,0,5,0,0,1,0,8,3,0,0.944792973651192,0.0,0.0,0.0,0.0037641154328732,0.0,0.0,0.0025094102885821,0.001254705144291,0.0,0.001254705144291,0.0,0.0,0.0,0.0062735257214554,0.0,0.0,0.001254705144291,0.0,0.0100376411543287,0.0037641154328732,0.0
Georgia,Combined,2014-08-01,2014,8,540,2,0,0,0,0,0,2,2,0,2,0,0,0,2,0,0,0,0,0,1,0,0.966010733452594,0.0035778175313059,0.0,0.0,0.0,0.0,0.0,0.0035778175313059,0.0035778175313059,0.0,0.0035778175313059,0.0,0.0,0.0,0.0035778175313059,0.0,0.0,0.0,0.0,0.0,0.0017889087656529,0.0
Georgia,Combined,2014-09-01,2014,9,693,0,0,0,0,0,1,1,0,0,0,0,0,0,3,1,0,0,0,1,0,0,0.9815864022662888,0.0,0.0,0.0,0.0,0.0,0.0014164305949008,0.0014164305949008,0.0,0.0,0.0,0.0,0.0,0.0,0.0042492917847025,0.0014164305949008,0.0,0.0,0.0,0.0014164305949008,0.0,0.0
Georgia,Combined,2014-10-01,2014,10,692,0,0,0,0,1,1,3,1,0,0,0,2,0,3,0,0,0,0,0,0,0,0.9558011049723756,0.0,0.0,0.0,0.0,0.0013812154696132,0.0013812154696132,0.0041436464088397,0.0013812154696132,0.0,0.0,0.0,0.0027624309392265,0.0,0.0041436464088397,0.0,0.0,0.0,0.0,0.0,0.0,0.0
Georgia,Combined,2014-11-01,2014,11,664,1,0,0,0,1,0,6,5,0,2,0,5,0,0,1,5,0,0,0,1,0,0.9526542324246772,0.0014347202295552,0.0,0.0,0.0,0.0014347202295552,0.0,0.0086083213773314,0.0071736011477761,0.0,0.0028694404591104,0.0,0.0071736011477761,0.0,0.0,0.0014347202295552,0.0071736011477761,0.0,0.0,0.0,0.0014347202295552,0.0
Georgia,Combined,2014-12-01,2014,12,618,0,0,0,0,3,0,6,0,0,2,0,1,0,0,1,0,1,0,1,1,0,0.965625,0.0,0.0,0.0,0.0,0.0046875,0.0,0.009375,0.0,0.0,0.003125,0.0,0.0015625,0.0,0.0,0.0015625,0.0,0.0015625,0.0,0.0015625,0.0015625,0.0
Georgia,Combined,2015-01-01,2015,1,593,0,0,0,0,1,0,0,1,0,0,0,2,0,8,0,1,2,0,0,0,1,0.9721311475409836,0.0,0.0,0.0,0.0,0.001639344262295,0.0,0.0,0.001639344262295,0.0,0.0,0.0,0.0032786885245901,0.0,0.0131147540983606,0.0,0.001639344262295,0.0032786885245901,0.0,0.0,0.0,0.001639344262295
Georgia,Combined,2015-02-01,2015,2,891,0,0,0,0,1,1,6,3,0,0,0,6,0,6,0,1,1,0,0,0,0,0.9716466739367504,0.0,0.0,0.0,0.0,0.0010905125408942,0.0010905125408942,0.0065430752453653,0.0032715376226826,0.0,0.0,0.0,0.0065430752453653,0.0,0.0065430752453653,0.0,0.0010905125408942,0.0010905125408942,0.0,0.0,0.0,0.0
Georgia,Combined,2015-03-01,2015,3,1133,0,1,0,0,1,1,5,9,0,1,0,9,0,3,0,0,0,0,0,0,0,0.9683760683760684,0.0,0.0008547008547008,0.0,0.0,0.0008547008547008,0.0008547008547008,0.0042735042735042,0.0076923076923076,0.0,0.0008547008547008,0.0,0.0076923076923076,0.0,0.0025641025641025,0.0,0.0,0.0,0.0,0.0,0.0,0.0
Georgia,Combined,2015-04-01,2015,4,646,0,0,0,0,0,0,0,0,1,1,0,0,0,2,0,2,0,0,0,0,0,0.9728915662650602,0.0,0.0,0.0,0.0,0.0,0.0,0.0,0.0,0.0015060240963855,0.0015060240963855,0.0,0.0,0.0,0.003012048192771,0.0,0.003012048192771,0.0,0.0,0.0,0.0,0.0
Georgia,Combined,2015-05-01,2015,5,683,0,0,0,0,0,3,2,0,1,0,1,3,1,1,0,1,0,0,2,1,0,0.9674220963172804,0.0,0.0,0.0,0.0,0.0,0.0042492917847025,0.0028328611898017,0.0,0.0014164305949008,0.0,0.0014164305949008,0.0042492917847025,0.0014164305949008,0.0014164305949008,0.0,0.0014164305949008,0.0,0.0,0.0028328611898017,0.0014164305949008,0.0
Georgia,Combined,2015-06-01,2015,6,883,0,0,0,0,0,0,2,0,0,0,0,3,0,0,1,1,2,0,1,0,0,0.9800221975582686,0.0,0.0,0.0,0.0,0.0,0.0,0.002219755826859,0.0,0.0,0.0,0.0,0.0033296337402885,0.0,0.0,0.0011098779134295,0.0011098779134295,0.002219755826859,0.0,0.0011098779134295,0.0,0.0
Georgia,Combined,2015-07-01,2015,7,788,0,1,0,1,0,0,5,0,1,1,0,4,0,13,0,1,2,0,0,0,0,0.9609756097560976,0.0,0.0012195121951219,0.0,0.0012195121951219,0.0,0.0,0.0060975609756097,0.0,0.0012195121951219,0.0012195121951219,0.0,0.0048780487804878,0.0,0.0158536585365853,0.0,0.0012195121951219,0.0024390243902439,0.0,0.0,0.0,0.0
Georgia,Combined,2015-08-01,2015,8,712,0,0,0,0,1,1,4,2,0,1,0,7,0,6,1,1,1,0,0,6,0,0.9544235924932976,0.0,0.0,0.0,0.0,0.0013404825737265,0.0013404825737265,0.0053619302949061,0.002680965147453,0.0,0.0013404825737265,0.0,0.0093833780160857,0.0,0.0080428954423592,0.0013404825737265,0.0013404825737265,0.0013404825737265,0.0,0.0,0.0080428954423592,0.0
Georgia,Combined,2015-09-01,2015,9,731,0,0,0,0,1,0,0,0,0,1,0,0,1,3,0,0,0,0,2,0,0,0.98252688172043,0.0,0.0,0.0,0.0,0.0013440860215053,0.0,0.0,0.0,0.0,0.0013440860215053,0.0,0.0,0.0013440860215053,0.0040322580645161,0.0,0.0,0.0,0.0,0.0026881720430107,0.0,0.0
Georgia,Combined,2015-10-01,2015,10,666,0,0,0,0,3,0,1,2,0,2,0,1,1,9,1,0,2,0,0,1,0,0.9527896995708156,0.0,0.0,0.0,0.0,0.0042918454935622,0.0,0.0014306151645207,0.0028612303290414,0.0,0.0028612303290414,0.0,0.0014306151645207,0.0014306151645207,0.0128755364806866,0.0014306151645207,0.0,0.0028612303290414,0.0,0.0,0.0014306151645207,0.0
Georgia,Combined,2015-11-01,2015,11,697,1,0,0,0,0,1,1,0,0,0,1,2,1,4,0,1,1,0,0,2,0,0.9775596072931276,0.0014025245441795,0.0,0.0,0.0,0.0,0.0014025245441795,0.0014025245441795,0.0,0.0,0.0,0.0014025245441795,0.002805049088359,0.0014025245441795,0.005610098176718,0.0,0.0014025245441795,0.0014025245441795,0.0,0.0,0.002805049088359,0.0
Georgia,Combined,2015-12-01,2015,12,822,0,0,0,2,0,1,2,1,0,1,1,4,0,10,0,2,0,0,0,4,0,0.9547038327526132,0.0,0.0,0.0,0.0023228803716608,0.0,0.0011614401858304,0.0023228803716608,0.0011614401858304,0.0,0.0011614401858304,0.0011614401858304,0.0046457607433217,0.0,0.0116144018583042,0.0,0.0023228803716608,0.0,0.0,0.0,0.0046457607433217,0.0
Georgia,Combined,2016-01-01,2016,1,732,1,1,0,0,1,1,0,0,0,0,1,4,0,8,0,0,1,0,0,2,0,0.9695364238410596,0.0013245033112582,0.0013245033112582,0.0,0.0,0.0013245033112582,0.0013245033112582,0.0,0.0,0.0,0.0,0.0013245033112582,0.0052980132450331,0.0,0.0105960264900662,0.0,0.0,0.0013245033112582,0.0,0.0,0.0026490066225165,0.0
Georgia,Combined,2016-02-01,2016,2,824,1,0,0,0,1,3,1,0,0,2,0,1,1,4,1,0,2,0,1,1,0,0.9716981132075472,0.0011792452830188,0.0,0.0,0.0,0.0011792452830188,0.0035377358490566,0.0011792452830188,0.0,0.0,0.0023584905660377,0.0,0.0011792452830188,0.0011792452830188,0.0047169811320754,0.0011792452830188,0.0,0.0023584905660377,0.0,0.0011792452830188,0.0011792452830188,0.0
Georgia,Combined,2016-03-01,2016,3,922,0,0,0,0,0,2,8,0,0,1,0,1,0,2,1,1,1,0,0,1,0,0.977730646871686,0.0,0.0,0.0,0.0,0.0,0.0021208907741251,0.0084835630965005,0.0,0.0,0.0010604453870625,0.0,0.0010604453870625,0.0,0.0021208907741251,0.0010604453870625,0.0010604453870625,0.0010604453870625,0.0,0.0,0.0010604453870625,0.0
Georgia,Combined,2016-04-01,2016,4,797,1,0,0,2,0,0,0,1,0,1,0,1,0,4,0,0,3,0,0,0,2,0.9767156862745098,0.0012254901960784,0.0,0.0,0.0024509803921568,0.0,0.0,0.0,0.0012254901960784,0.0,0.0012254901960784,0.0,0.0012254901960784,0.0,0.0049019607843137,0.0,0.0,0.0036764705882352,0.0,0.0,0.0,0.0024509803921568
Georgia,Combined,2016-05-01,2016,5,833,0,0,0,0,0,0,0,0,0,0,0,4,0,8,0,0,3,0,0,0,0,0.9765533411488864,0.0,0.0,0.0,0.0,0.0,0.0,0.0,0.0,0.0,0.0,0.0,0.0046893317702227,0.0,0.0093786635404454,0.0,0.0,0.003516998827667,0.0,0.0,0.0,0.0
Georgia,Combined,2016-06-01,2016,6,677,0,0,0,0,0,0,1,0,0,0,0,1,0,2,0,0,0,1,0,0,0,0.9783236994219652,0.0,0.0,0.0,0.0,0.0,0.0,0.0014450867052023,0.0,0.0,0.0,0.0,0.0014450867052023,0.0,0.0028901734104046,0.0,0.0,0.0,0.0014450867052023,0.0,0.0,0.0
Georgia,Combined,2016-07-01,2016,7,753,1,0,0,2,2,1,0,0,0,0,0,0,0,4,0,1,1,0,0,1,0,0.9791937581274384,0.0013003901170351,0.0,0.0,0.0026007802340702,0.0026007802340702,0.0013003901170351,0.0,0.0,0.0,0.0,0.0,0.0,0.0,0.0052015604681404,0.0,0.0013003901170351,0.0013003901170351,0.0,0.0,0.0013003901170351,0.0
Georgia,Combined,2016-08-01,2016,8,651,0,0,0,0,0,0,0,0,0,1,1,0,0,5,1,1,0,0,0,0,0,0.9745508982035928,0.0,0.0,0.0,0.0,0.0,0.0,0.0,0.0,0.0,0.0014970059880239,0.0014970059880239,0.0,0.0,0.0074850299401197,0.0014970059880239,0.0014970059880239,0.0,0.0,0.0,0.0,0.0
Georgia,Combined,2016-09-01,2016,9,751,0,0,0,0,0,1,2,0,0,0,0,1,0,2,1,1,0,0,2,0,0,0.9804177545691906,0.0,0.0,0.0,0.0,0.0,0.0013054830287206,0.0026109660574412,0.0,0.0,0.0,0.0,0.0013054830287206,0.0,0.0026109660574412,0.0013054830287206,0.0013054830287206,0.0,0.0,0.0026109660574412,0.0,0.0
Georgia,Combined,2016-10-01,2016,10,1003,0,0,0,0,0,0,1,0,0,1,0,0,0,1,1,0,0,0,1,0,0,0.9862340216322516,0.0,0.0,0.0,0.0,0.0,0.0,0.0009832841691248,0.0,0.0,0.0009832841691248,0.0,0.0,0.0,0.0009832841691248,0.0009832841691248,0.0,0.0,0.0,0.0009832841691248,0.0,0.0
Georgia,Combined,2016-11-01,2016,11,701,0,1,1,2,0,1,0,3,0,0,0,6,0,2,0,0,0,0,0,0,0,0.972260748959778,0.0,0.001386962552011,0.001386962552011,0.0027739251040221,0.0,0.001386962552011,0.0,0.0041608876560332,0.0,0.0,0.0,0.0083217753120665,0.0,0.0027739251040221,0.0,0.0,0.0,0.0,0.0,0.0,0.0
Georgia,Combined,2016-12-01,2016,12,857,0,0,0,1,0,0,3,0,0,2,0,0,0,0,1,0,0,0,0,1,0,0.9861910241657076,0.0,0.0,0.0,0.001150747986191,0.0,0.0,0.003452243958573,0.0,0.0,0.002301495972382,0.0,0.0,0.0,0.0,0.001150747986191,0.0,0.0,0.0,0.0,0.001150747986191,0.0
Georgia,Combined,2017-01-01,2017,1,1029,0,0,0,2,0,0,2,0,0,1,0,1,0,2,2,0,1,0,1,0,0,0.982808022922636,0.0,0.0,0.0,0.0019102196752626,0.0,0.0,0.0019102196752626,0.0,0.0,0.0009551098376313,0.0,0.0009551098376313,0.0,0.0019102196752626,0.0019102196752626,0.0,0.0009551098376313,0.0,0.0009551098376313,0.0,0.0
Georgia,Combined,2017-02-01,2017,2,1015,0,0,0,2,1,1,0,0,0,0,0,1,1,1,1,0,1,0,0,0,0,0.9854368932038836,0.0,0.0,0.0,0.0019417475728155,0.0009708737864077,0.0009708737864077,0.0,0.0,0.0,0.0,0.0,0.0009708737864077,0.0009708737864077,0.0009708737864077,0.0009708737864077,0.0,0.0009708737864077,0.0,0.0,0.0,0.0
Georgia,Combined,2017-03-01,2017,3,1166,0,0,0,1,0,1,2,1,0,0,1,1,0,7,1,0,0,0,1,0,0,0.9823083403538332,0.0,0.0,0.0,0.0008424599831508,0.0,0.0008424599831508,0.0016849199663016,0.0008424599831508,0.0,0.0,0.0008424599831508,0.0008424599831508,0.0,0.0058972198820556,0.0008424599831508,0.0,0.0,0.0,0.0008424599831508,0.0,0.0
Georgia,Combined,2017-04-01,2017,4,891,0,0,0,0,0,1,0,1,0,0,0,0,0,3,0,1,0,0,0,0,0,0.9856194690265486,0.0,0.0,0.0,0.0,0.0,0.0011061946902654,0.0,0.0011061946902654,0.0,0.0,0.0,0.0,0.0,0.0033185840707964,0.0,0.0011061946902654,0.0,0.0,0.0,0.0,0.0
Georgia,Combined,2017-05-01,2017,5,834,0,0,0,1,1,1,2,4,0,0,0,2,0,3,1,0,0,0,1,1,1,0.9686411149825784,0.0,0.0,0.0,0.0011614401858304,0.0011614401858304,0.0011614401858304,0.0023228803716608,0.0046457607433217,0.0,0.0,0.0,0.0023228803716608,0.0,0.0034843205574912,0.0011614401858304,0.0,0.0,0.0,0.0011614401858304,0.0011614401858304,0.0011614401858304
Georgia,Combined,2017-06-01,2017,6,1022,0,0,0,0,1,0,1,1,0,4,0,4,0,0,1,0,1,0,0,1,0,0.9826923076923076,0.0,0.0,0.0,0.0,0.0009615384615384,0.0,0.0009615384615384,0.0009615384615384,0.0,0.0038461538461538,0.0,0.0038461538461538,0.0,0.0,0.0009615384615384,0.0,0.0009615384615384,0.0,0.0,0.0009615384615384,0.0
Georgia,Combined,2017-07-01,2017,7,1032,0,0,0,0,0,3,1,1,0,3,0,3,1,7,2,0,1,1,0,2,0,0.9690140845070424,0.0,0.0,0.0,0.0,0.0,0.0028169014084507,0.0009389671361502,0.0009389671361502,0.0,0.0028169014084507,0.0,0.0028169014084507,0.0009389671361502,0.0065727699530516,0.0018779342723004,0.0,0.0009389671361502,0.0009389671361502,0.0,0.0018779342723004,0.0
Georgia,Combined,2017-08-01,2017,8,673,0,0,0,0,1,3,4,2,2,1,0,1,1,8,1,0,2,0,0,3,0,0.953257790368272,0.0,0.0,0.0,0.0,0.0014164305949008,0.0042492917847025,0.0056657223796034,0.0028328611898017,0.0028328611898017,0.0014164305949008,0.0,0.0014164305949008,0.0014164305949008,0.0113314447592068,0.0014164305949008,0.0,0.0028328611898017,0.0,0.0,0.0042492917847025,0.0
Georgia,Combined,2017-09-01,2017,9,856,0,0,0,0,0,1,2,1,0,3,0,2,0,2,0,0,0,0,0,0,0,0.9716231555051078,0.0,0.0,0.0,0.0,0.0,0.0011350737797956,0.0022701475595913,0.0011350737797956,0.0,0.003405221339387,0.0,0.0022701475595913,0.0,0.0022701475595913,0.0,0.0,0.0,0.0,0.0,0.0,0.0
Georgia,Combined,2017-10-01,2017,10,1060,0,0,0,0,1,0,2,1,1,0,0,2,0,2,0,0,0,1,0,0,0,0.9842154131847726,0.0,0.0,0.0,0.0,0.000928505106778,0.0,0.0018570102135561,0.000928505106778,0.000928505106778,0.0,0.0,0.0018570102135561,0.0,0.0018570102135561,0.0,0.0,0.0,0.000928505106778,0.0,0.0,0.0
Georgia,Combined,2017-11-01,2017,11,1054,0,0,0,0,0,0,2,2,0,3,0,2,0,4,0,0,2,0,1,0,1,0.9777365491651204,0.0,0.0,0.0,0.0,0.0,0.0,0.0018552875695732,0.0018552875695732,0.0,0.0027829313543599,0.0,0.0018552875695732,0.0,0.0037105751391465,0.0,0.0,0.0018552875695732,0.0,0.0009276437847866,0.0,0.0009276437847866
Georgia,Combined,2017-12-01,2017,12,1042,0,1,0,0,0,0,2,1,0,2,1,0,0,1,0,1,1,0,1,0,0,0.9811676082862524,0.0,0.0009416195856873,0.0,0.0,0.0,0.0,0.0018832391713747,0.0009416195856873,0.0,0.0018832391713747,0.0009416195856873,0.0,0.0,0.0009416195856873,0.0,0.0009416195856873,0.0009416195856873,0.0,0.0009416195856873,0.0,0.0
Georgia,Combined,2018-01-01,2018,1,829,0,0,0,1,0,1,1,1,0,2,0,2,0,1,0,0,1,0,0,2,1,0.9822274881516588,0.0,0.0,0.0,0.0011848341232227,0.0,0.0011848341232227,0.0011848341232227,0.0011848341232227,0.0,0.0023696682464454,0.0,0.0023696682464454,0.0,0.0011848341232227,0.0,0.0,0.0011848341232227,0.0,0.0,0.0023696682464454,0.0011848341232227
Georgia,Combined,2018-02-01,2018,2,857,1,1,0,0,0,0,0,0,0,3,0,2,0,1,0,0,1,0,0,1,0,0.9861910241657076,0.001150747986191,0.001150747986191,0.0,0.0,0.0,0.0,0.0,0.0,0.0,0.003452243958573,0.0,0.002301495972382,0.0,0.001150747986191,0.0,0.0,0.001150747986191,0.0,0.0,0.001150747986191,0.0
Georgia,Combined,2018-03-01,2018,3,976,0,0,0,5,0,0,8,0,0,0,2,2,1,4,3,0,0,0,0,1,0,0.9701789264413518,0.0,0.0,0.0,0.0049701789264413,0.0,0.0,0.0079522862823061,0.0,0.0,0.0,0.0019880715705765,0.0019880715705765,0.0009940357852882,0.003976143141153,0.0029821073558648,0.0,0.0,0.0,0.0,0.0009940357852882,0.0
Georgia,Combined,2018-04-01,2018,4,909,0,0,0,0,0,1,4,0,0,0,0,0,1,3,0,0,1,0,0,1,0,0.9859002169197396,0.0,0.0,0.0,0.0,0.0,0.0010845986984815,0.0043383947939262,0.0,0.0,0.0,0.0,0.0,0.0010845986984815,0.0032537960954446,0.0,0.0,0.0010845986984815,0.0,0.0,0.0010845986984815,0.0
Georgia,Combined,2018-05-01,2018,5,1265,0,0,0,1,1,1,5,1,0,2,0,0,0,4,1,2,2,0,1,0,0,0.9829059829059827,0.0,0.0,0.0,0.0007770007770007,0.0007770007770007,0.0007770007770007,0.0038850038850038,0.0007770007770007,0.0,0.0015540015540015,0.0,0.0,0.0,0.0031080031080031,0.0007770007770007,0.0015540015540015,0.0015540015540015,0.0,0.0007770007770007,0.0,0.0
Georgia,Combined,2018-06-01,2018,6,1255,0,0,0,0,0,0,1,0,0,0,0,3,0,5,1,0,0,0,1,0,0,0.9827721221613156,0.0,0.0,0.0,0.0,0.0,0.0,0.0007830853563038,0.0,0.0,0.0,0.0,0.0023492560689115,0.0,0.0039154267815191,0.0007830853563038,0.0,0.0,0.0,0.0007830853563038,0.0,0.0
Georgia,Combined,2018-07-01,2018,7,1185,0,0,0,1,0,2,5,1,0,1,0,3,1,4,0,0,1,0,1,1,0,0.9817729908864954,0.0,0.0,0.0,0.0008285004142502,0.0,0.0016570008285004,0.004142502071251,0.0008285004142502,0.0,0.0008285004142502,0.0,0.0024855012427506,0.0008285004142502,0.0033140016570008,0.0,0.0,0.0008285004142502,0.0,0.0008285004142502,0.0008285004142502,0.0
Georgia,Combined,2018-08-01,2018,8,946,0,0,0,2,1,2,11,2,0,1,0,3,0,28,0,0,0,0,0,0,0,0.9497991967871486,0.0,0.0,0.0,0.002008032128514,0.001004016064257,0.002008032128514,0.0110441767068273,0.002008032128514,0.0,0.001004016064257,0.0,0.003012048192771,0.0,0.0281124497991967,0.0,0.0,0.0,0.0,0.0,0.0,0.0
Georgia,Combined,2018-09-01,2018,9,902,0,0,3,2,1,0,5,0,0,1,0,0,2,4,0,0,0,0,0,1,0,0.9783080260303688,0.0,0.0,0.0032537960954446,0.0021691973969631,0.0010845986984815,0.0,0.0054229934924078,0.0,0.0,0.0010845986984815,0.0,0.0,0.0021691973969631,0.0043383947939262,0.0,0.0,0.0,0.0,0.0,0.0010845986984815,0.0
Georgia,Combined,2018-10-01,2018,10,1001,1,0,0,0,0,3,3,1,0,0,0,2,0,4,0,0,2,0,0,3,0,0.97090203685742,0.0009699321047526,0.0,0.0,0.0,0.0,0.002909796314258,0.002909796314258,0.0009699321047526,0.0,0.0,0.0,0.0019398642095053,0.0,0.0038797284190106,0.0,0.0,0.0019398642095053,0.0,0.0,0.002909796314258,0.0
Georgia,Combined,2018-11-01,2018,11,962,0,1,0,0,0,1,1,0,0,0,0,0,0,1,2,0,1,0,0,0,0,0.980632008154944,0.0,0.001019367991845,0.0,0.0,0.0,0.001019367991845,0.001019367991845,0.0,0.0,0.0,0.0,0.0,0.0,0.001019367991845,0.0020387359836901,0.0,0.001019367991845,0.0,0.0,0.0,0.0
Georgia,Combined,2018-12-01,2018,12,923,0,0,0,1,0,0,3,0,0,1,0,0,0,1,0,0,0,0,0,0,1,0.9892818863879956,0.0,0.0,0.0,0.0010718113612004,0.0,0.0,0.0032154340836012,0.0,0.0,0.0010718113612004,0.0,0.0,0.0,0.0010718113612004,0.0,0.0,0.0,0.0,0.0,0.0,0.0010718113612004
Georgia,Combined,2019-01-01,2019,1,916,0,0,0,3,0,0,0,1,0,1,0,0,0,4,0,0,0,0,0,0,0,0.9902702702702704,0.0,0.0,0.0,0.0032432432432432,0.0,0.0,0.0,0.001081081081081,0.0,0.001081081081081,0.0,0.0,0.0,0.0043243243243243,0.0,0.0,0.0,0.0,0.0,0.0,0.0
Georgia,Combined,2019-02-01,2019,2,880,0,0,1,2,0,0,2,0,0,1,1,0,0,2,0,0,2,0,0,0,0,0.9865470852017936,0.0,0.0,0.0011210762331838,0.0022421524663677,0.0,0.0,0.0022421524663677,0.0,0.0,0.0011210762331838,0.0011210762331838,0.0,0.0,0.0022421524663677,0.0,0.0,0.0022421524663677,0.0,0.0,0.0,0.0
Georgia,Combined,2019-03-01,2019,3,977,0,0,0,0,0,0,1,0,0,0,0,0,0,5,1,0,0,0,0,0,0,0.987866531850354,0.0,0.0,0.0,0.0,0.0,0.0,0.0010111223458038,0.0,0.0,0.0,0.0,0.0,0.0,0.0050556117290192,0.0010111223458038,0.0,0.0,0.0,0.0,0.0,0.0
Georgia,Combined,2019-04-01,2019,4,902,0,0,0,3,0,1,0,0,0,1,0,1,0,1,1,0,1,0,0,0,1,0.9879518072289156,0.0,0.0,0.0,0.0032858707557502,0.0,0.0010952902519167,0.0,0.0,0.0,0.0010952902519167,0.0,0.0010952902519167,0.0,0.0010952902519167,0.0010952902519167,0.0,0.0010952902519167,0.0,0.0,0.0,0.0010952902519167
Georgia,Combined,2019-05-01,2019,5,1056,0,0,0,1,0,1,4,0,0,1,0,1,1,1,0,0,1,0,0,0,1,0.9823255813953488,0.0,0.0,0.0,0.0009302325581395,0.0,0.0009302325581395,0.0037209302325581,0.0,0.0,0.0009302325581395,0.0,0.0009302325581395,0.0009302325581395,0.0009302325581395,0.0,0.0,0.0009302325581395,0.0,0.0,0.0,0.0009302325581395
Georgia,Combined,2019-06-01,2019,6,1151,3,0,0,22,1,2,10,0,0,0,0,3,0,13,5,0,1,0,1,9,0,0.9388254486133768,0.0024469820554649,0.0,0.0,0.0179445350734094,0.0008156606851549,0.0016313213703099,0.0081566068515497,0.0,0.0,0.0,0.0,0.0024469820554649,0.0,0.0106035889070146,0.0040783034257748,0.0,0.0008156606851549,0.0,0.0008156606851549,0.0073409461663947,0.0
Georgia,Combined,2019-07-01,2019,7,994,0,0,0,10,1,1,11,0,0,5,0,4,0,1,2,0,1,1,1,22,0,0.9412878787878788,0.0,0.0,0.0,0.0094696969696969,0.0009469696969696,0.0009469696969696,0.0104166666666666,0.0,0.0,0.0047348484848484,0.0,0.0037878787878787,0.0,0.0009469696969696,0.0018939393939393,0.0,0.0009469696969696,0.0009469696969696,0.0009469696969696,0.0208333333333333,0.0
Georgia,Combined,2019-08-01,2019,8,824,0,0,0,1,2,1,5,0,0,1,1,1,0,9,0,1,0,0,0,2,0,0.9705535924617196,0.0,0.0,0.0,0.0011778563015312,0.0023557126030624,0.0011778563015312,0.005889281507656,0.0,0.0,0.0011778563015312,0.0011778563015312,0.0011778563015312,0.0,0.0106007067137809,0.0,0.0011778563015312,0.0,0.0,0.0,0.0023557126030624,0.0
Georgia,Combined,2019-09-01,2019,9,969,4,0,1,1,0,3,2,0,0,0,1,0,0,4,1,1,2,0,1,0,0,0.9768145161290324,0.0040322580645161,0.0,0.001008064516129,0.001008064516129,0.0,0.003024193548387,0.002016129032258,0.0,0.0,0.0,0.001008064516129,0.0,0.0,0.0040322580645161,0.001008064516129,0.001008064516129,0.002016129032258,0.0,0.001008064516129,0.0,0.0
Georgia,Combined,2019-10-01,2019,10,889,0,0,0,0,0,2,2,0,0,0,1,2,0,1,1,0,0,0,0,1,0,0.9877777777777778,0.0,0.0,0.0,0.0,0.0,0.0022222222222222,0.0022222222222222,0.0,0.0,0.0,0.0011111111111111,0.0022222222222222,0.0,0.0011111111111111,0.0011111111111111,0.0,0.0,0.0,0.0,0.0011111111111111,0.0
Georgia,Combined,2019-11-01,2019,11,906,0,0,0,0,0,0,0,0,0,1,0,1,0,3,0,0,2,0,0,0,0,0.9890829694323144,0.0,0.0,0.0,0.0,0.0,0.0,0.0,0.0,0.0,0.0010917030567685,0.0,0.0010917030567685,0.0,0.0032751091703056,0.0,0.0,0.0021834061135371,0.0,0.0,0.0,0.0
Georgia,Combined,2019-12-01,2019,12,937,0,0,0,3,0,0,3,0,0,0,0,0,0,2,0,0,2,0,0,2,0,0.98527865404837,0.0,0.0,0.0,0.0031545741324921,0.0,0.0,0.0031545741324921,0.0,0.0,0.0,0.0,0.0,0.0,0.0021030494216614,0.0,0.0,0.0021030494216614,0.0,0.0,0.0021030494216614,0.0
Georgia,Combined,2020-01-01,2020,1,691,1,0,0,5,0,0,2,0,0,0,0,1,0,2,0,0,0,0,0,1,0,0.9801418439716312,0.001418439716312,0.0,0.0,0.0070921985815602,0.0,0.0,0.0028368794326241,0.0,0.0,0.0,0.0,0.001418439716312,0.0,0.0028368794326241,0.0,0.0,0.0,0.0,0.0,0.001418439716312,0.0
Georgia,Combined,2020-02-01,2020,2,764,0,0,12,5,0,1,1,0,0,1,0,1,0,0,1,0,0,0,0,1,0,0.9670886075949368,0.0,0.0,0.0151898734177215,0.0063291139240506,0.0,0.0012658227848101,0.0012658227848101,0.0,0.0,0.0012658227848101,0.0,0.0012658227848101,0.0,0.0,0.0012658227848101,0.0,0.0,0.0,0.0,0.0012658227848101,0.0
Georgia,Combined,2020-03-01,2020,3,1336,0,0,0,2,0,0,1,0,0,0,0,6,0,4,0,0,0,0,0,0,0,0.9896296296296296,0.0,0.0,0.0,0.0014814814814814,0.0,0.0,0.0007407407407407,0.0,0.0,0.0,0.0,0.0044444444444444,0.0,0.0029629629629629,0.0,0.0,0.0,0.0,0.0,0.0,0.0
Georgia,Combined,2020-04-01,2020,4,1271,0,0,0,0,0,0,2,0,0,0,0,1,0,3,0,0,0,1,0,0,0,0.9945226917057904,0.0,0.0,0.0,0.0,0.0,0.0,0.001564945226917,0.0,0.0,0.0,0.0,0.0007824726134585,0.0,0.0023474178403755,0.0,0.0,0.0,0.0007824726134585,0.0,0.0,0.0
Georgia,Combined,2020-05-01,2020,5,1094,0,0,1,0,0,1,1,1,0,0,0,2,1,0,1,1,0,0,0,0,0,0.9891500904159132,0.0,0.0,0.0009041591320072,0.0,0.0,0.0009041591320072,0.0009041591320072,0.0009041591320072,0.0,0.0,0.0,0.0018083182640144,0.0009041591320072,0.0,0.0009041591320072,0.0009041591320072,0.0,0.0,0.0,0.0,0.0
Georgia,Combined,2020-06-01,2020,6,957,0,0,0,1,0,1,1,0,0,0,1,0,1,2,0,0,1,0,0,0,0,0.9876160990712074,0.0,0.0,0.0,0.001031991744066,0.0,0.001031991744066,0.001031991744066,0.0,0.0,0.0,0.001031991744066,0.0,0.001031991744066,0.002063983488132,0.0,0.0,0.001031991744066,0.0,0.0,0.0,0.0
Georgia,Combined,2020-07-01,2020,7,1151,2,0,0,0,0,0,0,0,0,0,1,0,2,1,1,0,1,0,0,0,2,0.9879828326180258,0.0017167381974248,0.0,0.0,0.0,0.0,0.0,0.0,0.0,0.0,0.0,0.0008583690987124,0.0,0.0017167381974248,0.0008583690987124,0.0008583690987124,0.0,0.0008583690987124,0.0,0.0,0.0,0.0017167381974248
Georgia,Combined,2020-08-01,2020,8,1174,1,0,1,1,0,1,7,0,0,0,0,1,0,4,1,0,0,0,0,1,1,0.983249581239531,0.0008375209380234,0.0,0.0008375209380234,0.0008375209380234,0.0,0.0008375209380234,0.0058626465661641,0.0,0.0,0.0,0.0,0.0008375209380234,0.0,0.0033500837520938,0.0008375209380234,0.0,0.0,0.0,0.0,0.0008375209380234,0.0008375209380234
Georgia,Combined,2020-09-01,2020,9,1334,1,0,1,0,1,0,2,1,0,0,0,1,3,2,2,1,0,0,0,0,0,0.9888806523350632,0.0007412898443291,0.0,0.0007412898443291,0.0,0.0007412898443291,0.0,0.0014825796886582,0.0007412898443291,0.0,0.0,0.0,0.0007412898443291,0.0022238695329873,0.0014825796886582,0.0014825796886582,0.0007412898443291,0.0,0.0,0.0,0.0,0.0
Georgia,Combined,2020-10-01,2020,10,1416,1,0,0,0,1,0,5,0,0,1,0,1,0,3,2,0,0,0,0,0,0,0.9853862212943632,0.0006958942240779,0.0,0.0,0.0,0.0006958942240779,0.0,0.0034794711203897,0.0,0.0,0.0006958942240779,0.0,0.0006958942240779,0.0,0.0020876826722338,0.0013917884481558,0.0,0.0,0.0,0.0,0.0,0.0
Georgia,Combined,2020-11-01,2020,11,1815,0,0,0,0,0,4,4,0,0,1,0,1,0,5,2,0,0,0,0,0,0,0.9768568353067816,0.0,0.0,0.0,0.0,0.0,0.0021528525296017,0.0021528525296017,0.0,0.0,0.0005382131324004,0.0,0.0005382131324004,0.0,0.0026910656620021,0.0010764262648008,0.0,0.0,0.0,0.0,0.0,0.0
Georgia,Combined,2020-12-01,2020,12,1512,0,0,0,1,0,0,0,0,0,0,0,3,0,2,0,1,0,0,1,0,0,0.9882352941176472,0.0,0.0,0.0,0.0006535947712418,0.0,0.0,0.0,0.0,0.0,0.0,0.0,0.0019607843137254,0.0,0.0013071895424836,0.0,0.0006535947712418,0.0,0.0,0.0006535947712418,0.0,0.0
Georgia,Combined,2021-01-01,2021,1,1528,0,0,0,1,2,0,11,1,0,1,0,7,1,9,0,1,0,0,0,0,0,0.97015873015873,0.0,0.0,0.0,0.0006349206349206,0.0012698412698412,0.0,0.0069841269841269,0.0006349206349206,0.0,0.0006349206349206,0.0,0.0044444444444444,0.0006349206349206,0.0057142857142857,0.0,0.0006349206349206,0.0,0.0,0.0,0.0,0.0
Georgia,Combined,2021-02-01,2021,2,1461,1,0,0,1,0,1,10,0,0,0,1,1,0,2,0,0,0,0,0,0,0,0.9838383838383838,0.0006734006734006,0.0,0.0,0.0006734006734006,0.0,0.0006734006734006,0.0067340067340067,0.0,0.0,0.0,0.0006734006734006,0.0006734006734006,0.0,0.0013468013468013,0.0,0.0,0.0,0.0,0.0,0.0,0.0
Georgia,Combined,2021-03-01,2021,3,1825,0,0,0,0,0,0,4,0,0,0,1,1,0,3,1,0,1,0,1,1,0,0.9896963123644252,0.0,0.0,0.0,0.0,0.0,0.0,0.0021691973969631,0.0,0.0,0.0,0.0005422993492407,0.0005422993492407,0.0,0.0016268980477223,0.0005422993492407,0.0,0.0005422993492407,0.0,0.0005422993492407,0.0005422993492407,0.0
Georgia,Combined,2021-04-01,2021,4,1755,3,0,0,5,0,1,6,0,1,0,2,4,0,9,1,0,0,3,0,0,2,0.964815832875206,0.0016492578339747,0.0,0.0,0.0027487630566245,0.0,0.0005497526113249,0.0032985156679494,0.0,0.0005497526113249,0.0,0.0010995052226498,0.0021990104452996,0.0,0.0049477735019241,0.0005497526113249,0.0,0.0,0.0016492578339747,0.0,0.0,0.0010995052226498
Georgia,Combined,2021-05-01,2021,5,1311,0,1,0,0,0,2,3,0,0,0,1,0,0,0,0,0,0,0,1,0,0,0.9769001490312966,0.0,0.0007451564828614,0.0,0.0,0.0,0.0014903129657228,0.0022354694485842,0.0,0.0,0.0,0.0007451564828614,0.0,0.0,0.0,0.0,0.0,0.0,0.0,0.0007451564828614,0.0,0.0
Georgia,Combined,2021-06-01,2021,6,1318,0,0,0,1,1,0,9,1,0,0,2,5,1,5,0,0,3,0,0,0,0,0.9634502923976608,0.0,0.0,0.0,0.0007309941520467,0.0007309941520467,0.0,0.006578947368421,0.0007309941520467,0.0,0.0,0.0014619883040935,0.0036549707602339,0.0007309941520467,0.0036549707602339,0.0,0.0,0.0021929824561403,0.0,0.0,0.0,0.0
Georgia,Combined,2021-07-01,2021,7,1652,0,0,0,0,1,0,4,0,0,0,0,0,1,5,1,0,1,0,0,0,0,0.9839189994044074,0.0,0.0,0.0,0.0,0.0005955926146515,0.0,0.0023823704586063,0.0,0.0,0.0,0.0,0.0,0.0005955926146515,0.0029779630732578,0.0005955926146515,0.0,0.0005955926146515,0.0,0.0,0.0,0.0
Georgia,Combined,2021-08-01,2021,8,1207,0,0,0,0,0,0,3,2,0,0,0,0,2,4,0,0,0,0,0,0,0,0.9861111111111112,0.0,0.0,0.0,0.0,0.0,0.0,0.0024509803921568,0.0016339869281045,0.0,0.0,0.0,0.0,0.0016339869281045,0.0032679738562091,0.0,0.0,0.0,0.0,0.0,0.0,0.0
Georgia,Combined,2021-09-01,2021,9,1318,1,0,0,1,0,0,1,1,1,2,0,0,0,1,2,0,2,0,0,0,0,0.9791976225854384,0.00074294205052,0.0,0.0,0.00074294205052,0.0,0.0,0.00074294205052,0.00074294205052,0.00074294205052,0.0014858841010401,0.0,0.0,0.0,0.00074294205052,0.0014858841010401,0.0,0.0014858841010401,0.0,0.0,0.0,0.0
Georgia,Combined,2021-10-01,2021,10,1732,1,0,0,1,1,3,6,0,0,0,0,2,1,1,1,4,1,0,0,0,0,0.9829738933030648,0.0005675368898978,0.0,0.0,0.0005675368898978,0.0005675368898978,0.0017026106696935,0.003405221339387,0.0,0.0,0.0,0.0,0.0011350737797956,0.0005675368898978,0.0005675368898978,0.0005675368898978,0.0022701475595913,0.0005675368898978,0.0,0.0,0.0,0.0
Georgia,Combined,2021-11-01,2021,11,1691,0,0,0,0,0,0,2,0,0,1,0,2,1,2,2,0,0,0,0,1,1,0.989467524868344,0.0,0.0,0.0,0.0,0.0,0.0,0.0011702750146284,0.0,0.0,0.0005851375073142,0.0,0.0011702750146284,0.0005851375073142,0.0011702750146284,0.0011702750146284,0.0,0.0,0.0,0.0,0.0005851375073142,0.0005851375073142
Georgia,Combined,2021-12-01,2021,12,1538,0,0,0,1,1,2,8,0,0,0,0,1,0,13,0,2,0,0,4,2,0,0.9758883248730964,0.0,0.0,0.0,0.0006345177664974,0.0006345177664974,0.0012690355329949,0.0050761421319796,0.0,0.0,0.0,0.0,0.0006345177664974,0.0,0.008248730964467,0.0,0.0012690355329949,0.0,0.0,0.0025380710659898,0.0012690355329949,0.0
Georgia,Combined,2022-01-01,2022,1,1005,0,1,1,1,1,1,10,0,0,0,0,0,0,8,0,0,0,0,2,0,0,0.971953578336557,0.0,0.0009671179883945,0.0009671179883945,0.0009671179883945,0.0009671179883945,0.0009671179883945,0.0096711798839458,0.0,0.0,0.0,0.0,0.0,0.0,0.0077369439071566,0.0,0.0,0.0,0.0,0.0019342359767891,0.0,0.0
Georgia,Combined,2022-02-01,2022,2,998,2,0,1,0,1,0,14,1,0,0,2,8,2,12,2,1,0,0,0,6,0,0.9459715639810428,0.0018957345971563,0.0,0.0009478672985781,0.0,0.0009478672985781,0.0,0.0132701421800947,0.0009478672985781,0.0,0.0,0.0018957345971563,0.0075829383886255,0.0018957345971563,0.0113744075829383,0.0018957345971563,0.0009478672985781,0.0,0.0,0.0,0.0056872037914691,0.0
Georgia,Combined,2022-03-01,2022,3,971,1,0,1,10,3,3,22,4,1,2,1,3,6,36,6,0,0,0,6,10,0,0.8924632352941176,0.0009191176470588,0.0,0.0009191176470588,0.0091911764705882,0.0027573529411764,0.0027573529411764,0.0202205882352941,0.0036764705882352,0.0009191176470588,0.0018382352941176,0.0009191176470588,0.0027573529411764,0.0055147058823529,0.0330882352941176,0.0055147058823529,0.0,0.0,0.0,0.0055147058823529,0.0091911764705882,0.0
Georgia,Combined,2022-04-01,2022,4,956,0,0,0,4,0,1,6,1,1,0,4,3,0,16,2,0,1,0,0,7,2,0.9455984174085064,0.0,0.0,0.0,0.0039564787339268,0.0,0.0009891196834817,0.0059347181008902,0.0009891196834817,0.0009891196834817,0.0,0.0039564787339268,0.0029673590504451,0.0,0.0158259149357072,0.0019782393669634,0.0,0.0009891196834817,0.0,0.0,0.0069238377843719,0.0019782393669634
Georgia,Combined,2022-05-01,2022,5,1098,0,1,0,0,0,0,6,0,0,0,1,0,1,4,19,0,1,0,2,5,0,0.9640035118525022,0.0,0.0008779631255487,0.0,0.0,0.0,0.0,0.0052677787532923,0.0,0.0,0.0,0.0008779631255487,0.0,0.0008779631255487,0.0035118525021949,0.0166812993854258,0.0,0.0008779631255487,0.0,0.0017559262510974,0.0043898156277436,0.0
Georgia,Combined,2022-06-01,2022,6,1229,0,0,3,3,0,0,14,1,0,0,0,2,2,13,2,2,1,0,0,3,0,0.960906958561376,0.0,0.0,0.0023455824863174,0.0023455824863174,0.0,0.0,0.0109460516028147,0.0007818608287724,0.0,0.0,0.0,0.0015637216575449,0.0015637216575449,0.0101641907740422,0.0015637216575449,0.0015637216575449,0.0007818608287724,0.0,0.0,0.0023455824863174,0.0
Georgia,Combined,2022-07-01,2022,7,1094,0,0,0,1,0,0,11,0,1,3,1,1,2,9,1,1,1,0,0,4,0,0.9664310954063604,0.0,0.0,0.0,0.0008833922261484,0.0,0.0,0.0097173144876325,0.0,0.0008833922261484,0.0026501766784452,0.0008833922261484,0.0008833922261484,0.0017667844522968,0.0079505300353356,0.0008833922261484,0.0008833922261484,0.0008833922261484,0.0,0.0,0.0035335689045936,0.0
Georgia,Combined,2022-08-01,2022,8,1014,2,0,0,9,1,1,11,3,0,0,2,2,1,6,1,0,0,0,0,1,0,0.961137440758294,0.0018957345971563,0.0,0.0,0.0085308056872037,0.0009478672985781,0.0009478672985781,0.0104265402843601,0.0028436018957345,0.0,0.0,0.0018957345971563,0.0018957345971563,0.0009478672985781,0.0056872037914691,0.0009478672985781,0.0,0.0,0.0,0.0,0.0009478672985781,0.0
Georgia,Combined,2022-09-01,2022,9,1191,0,0,0,11,0,1,13,1,0,0,2,5,0,34,2,1,1,0,0,0,0,0.9429928741092636,0.0,0.0,0.0,0.0087094220110847,0.0,0.0007917656373713,0.0102929532858273,0.0007917656373713,0.0,0.0,0.0015835312747426,0.0039588281868566,0.0,0.0269200316706254,0.0015835312747426,0.0007917656373713,0.0007917656373713,0.0,0.0,0.0,0.0
Georgia,Combined,2022-10-01,2022,10,1181,0,1,0,5,1,0,7,0,0,2,0,5,0,12,0,0,1,0,0,3,0,0.9672399672399672,0.0,0.0008190008190008,0.0,0.004095004095004,0.0008190008190008,0.0,0.0057330057330057,0.0,0.0,0.0016380016380016,0.0,0.004095004095004,0.0,0.0098280098280098,0.0,0.0,0.0008190008190008,0.0,0.0,0.0024570024570024,0.0
Georgia,Combined,2022-11-01,2022,11,1216,0,0,0,3,0,2,7,2,0,1,0,1,1,7,1,2,1,0,0,0,0,0.9712460063897764,0.0,0.0,0.0,0.0023961661341853,0.0,0.0015974440894568,0.005591054313099,0.0015974440894568,0.0,0.0007987220447284,0.0,0.0007987220447284,0.0007987220447284,0.005591054313099,0.0007987220447284,0.0015974440894568,0.0007987220447284,0.0,0.0,0.0,0.0
Georgia,Combined,2022-12-01,2022,12,1313,0,1,0,3,0,3,8,0,0,4,0,0,1,7,2,0,0,0,0,1,0,0.9725925925925926,0.0,0.0007407407407407,0.0,0.0022222222222222,0.0,0.0022222222222222,0.0059259259259259,0.0,0.0,0.0029629629629629,0.0,0.0,0.0007407407407407,0.0051851851851851,0.0014814814814814,0.0,0.0,0.0,0.0,0.0007407407407407,0.0
Georgia,Combined,2023-01-01,2023,1,907,1,0,0,3,1,0,5,1,0,1,2,0,2,5,0,0,1,0,0,3,0,0.9700534759358288,0.0010695187165775,0.0,0.0,0.0032085561497326,0.0010695187165775,0.0,0.0053475935828877,0.0010695187165775,0.0,0.0010695187165775,0.002139037433155,0.0,0.002139037433155,0.0053475935828877,0.0,0.0,0.0010695187165775,0.0,0.0,0.0032085561497326,0.0
Georgia,Combined,2023-02-01,2023,2,1079,0,0,0,1,0,3,9,2,0,0,0,3,1,6,1,1,0,1,0,2,0,0.9694519317160828,0.0,0.0,0.0,0.0008984725965858,0.0,0.0026954177897574,0.0080862533692722,0.0017969451931716,0.0,0.0,0.0,0.0026954177897574,0.0008984725965858,0.0053908355795148,0.0008984725965858,0.0008984725965858,0.0,0.0008984725965858,0.0,0.0017969451931716,0.0
Georgia,Combined,2023-03-01,2023,3,1488,0,0,0,4,0,0,17,2,0,1,3,2,3,6,11,0,2,0,2,4,1,0.9569131832797428,0.0,0.0,0.0,0.002572347266881,0.0,0.0,0.0109324758842443,0.0012861736334405,0.0,0.0006430868167202,0.0019292604501607,0.0012861736334405,0.0019292604501607,0.0038585209003215,0.0070739549839228,0.0,0.0012861736334405,0.0,0.0012861736334405,0.002572347266881,0.0006430868167202
Georgia,Combined,2023-04-01,2023,4,958,0,1,0,0,0,0,7,0,1,3,0,1,0,9,2,0,0,0,0,1,0,0.9735772357723578,0.0,0.0010162601626016,0.0,0.0,0.0,0.0,0.0071138211382113,0.0,0.0010162601626016,0.0030487804878048,0.0,0.0010162601626016,0.0,0.0091463414634146,0.0020325203252032,0.0,0.0,0.0,0.0,0.0010162601626016,0.0
Georgia,Combined,2023-05-01,2023,5,1143,0,1,0,29,1,2,19,2,0,2,0,1,1,11,5,1,3,0,1,13,0,0.9232633279483036,0.0,0.0008077544426494,0.0,0.0234248788368336,0.0008077544426494,0.0016155088852988,0.0153473344103392,0.0016155088852988,0.0,0.0016155088852988,0.0,0.0008077544426494,0.0008077544426494,0.0088852988691437,0.0040387722132471,0.0008077544426494,0.0024232633279483,0.0,0.0008077544426494,0.0105008077544426,0.0
Georgia,Combined,2023-06-01,2023,6,1051,0,0,0,0,1,1,7,1,0,2,0,0,4,3,1,0,0,0,2,3,0,0.974050046339203,0.0,0.0,0.0,0.0,0.0009267840593141,0.0009267840593141,0.0064874884151992,0.0009267840593141,0.0,0.0018535681186283,0.0,0.0,0.0037071362372567,0.0027803521779425,0.0009267840593141,0.0,0.0,0.0,0.0018535681186283,0.0027803521779425,0.0
Georgia,Combined,2023-07-01,2023,7,1123,0,0,0,0,2,5,6,4,1,3,1,0,1,9,0,1,7,0,1,2,0,0.9622964867180804,0.0,0.0,0.0,0.0,0.001713796058269,0.0042844901456726,0.0051413881748071,0.0034275921165381,0.0008568980291345,0.0025706940874035,0.0008568980291345,0.0,0.0008568980291345,0.0077120822622107,0.0,0.0008568980291345,0.0059982862039417,0.0,0.0008568980291345,0.001713796058269,0.0
Georgia,Combined,2023-08-01,2023,8,1169,0,0,1,1,0,0,16,3,0,1,1,1,0,15,2,1,2,0,0,1,0,0.9581967213114754,0.0,0.0,0.0008196721311475,0.0008196721311475,0.0,0.0,0.0131147540983606,0.0024590163934426,0.0,0.0008196721311475,0.0008196721311475,0.0008196721311475,0.0,0.0122950819672131,0.001639344262295,0.0008196721311475,0.001639344262295,0.0,0.0,0.0008196721311475,0.0
Georgia,Combined,2023-09-01,2023,9,1093,0,0,0,1,0,0,6,0,1,2,8,4,0,6,1,0,2,0,1,2,0,0.9689716312056738,0.0,0.0,0.0,0.000886524822695,0.0,0.0,0.0053191489361702,0.0,0.000886524822695,0.00177304964539,0.0070921985815602,0.0035460992907801,0.0,0.0053191489361702,0.000886524822695,0.0,0.00177304964539,0.0,0.000886524822695,0.00177304964539,0.0
Georgia,Combined,2023-10-01,2023,10,1062,0,0,0,1,0,1,8,1,1,0,2,0,0,24,1,3,1,0,0,1,0,0.9584837545126352,0.0,0.0,0.0,0.0009025270758122,0.0,0.0009025270758122,0.0072202166064981,0.0009025270758122,0.0009025270758122,0.0,0.0018050541516245,0.0,0.0,0.0216606498194945,0.0009025270758122,0.0027075812274368,0.0009025270758122,0.0,0.0,0.0009025270758122,0.0
Georgia,Combined,2023-11-01,2023,11,1079,0,0,0,0,0,1,18,3,0,1,2,0,0,19,3,0,0,0,1,1,0,0.9531802120141344,0.0,0.0,0.0,0.0,0.0,0.0008833922261484,0.0159010600706713,0.0026501766784452,0.0,0.0008833922261484,0.0017667844522968,0.0,0.0,0.0167844522968197,0.0026501766784452,0.0,0.0,0.0,0.0008833922261484,0.0008833922261484,0.0
Georgia,Combined,2023-12-01,2023,12,1079,0,0,0,1,2,0,8,2,1,0,0,0,1,9,1,1,0,0,1,0,0,0.972072072072072,0.0,0.0,0.0,0.0009009009009009,0.0018018018018018,0.0,0.0072072072072072,0.0018018018018018,0.0009009009009009,0.0,0.0,0.0,0.0009009009009009,0.0081081081081081,0.0009009009009009,0.0009009009009009,0.0,0.0,0.0009009009009009,0.0,0.0
Georgia,Combined,2024-01-01,2024,1,980,0,0,0,0,0,1,2,1,0,0,0,1,0,5,0,0,0,0,0,0,1,0.9859154929577464,0.0,0.0,0.0,0.0,0.0,0.0010060362173038,0.0020120724346076,0.0010060362173038,0.0,0.0,0.0,0.0010060362173038,0.0,0.0050301810865191,0.0,0.0,0.0,0.0,0.0,0.0,0.0010060362173038
Georgia,Combined,2024-02-01,2024,2,1017,0,0,0,3,1,1,5,1,0,1,0,3,1,7,2,0,0,0,0,2,6,0.9667300380228137,0.0,0.0,0.0,0.0028517110266159,0.0009505703422053,0.0009505703422053,0.0047528517110266,0.0009505703422053,0.0,0.0009505703422053,0.0,0.0028517110266159,0.0009505703422053,0.0066539923954372,0.0019011406844106,0.0,0.0,0.0,0.0,0.0019011406844106,0.0057034220532319
Georgia,Combined,2024-03-01,2024,3,1035,0,1,1,2,0,1,3,0,0,0,0,1,0,0,9,0,0,0,0,2,0,0.97918637653737,0.0,0.0009460737937559,0.0009460737937559,0.0018921475875118,0.0,0.0009460737937559,0.0028382213812677,0.0,0.0,0.0,0.0,0.0009460737937559,0.0,0.0,0.0085146641438032,0.0,0.0,0.0,0.0,0.0018921475875118,0.0
Georgia,Combined,2024-04-01,2024,4,1322,0,0,0,4,1,0,7,0,0,0,1,0,0,7,19,0,0,0,2,3,0,0.9600580973129992,0.0,0.0,0.0,0.0029048656499636,0.0007262164124909,0.0,0.0050835148874364,0.0,0.0,0.0,0.0007262164124909,0.0,0.0,0.0050835148874364,0.0137981118373275,0.0,0.0,0.0,0.0014524328249818,0.0021786492374727,0.0
Georgia,Combined,2024-05-01,2024,5,1681,0,0,0,6,1,1,16,2,0,5,1,0,2,4,21,0,3,0,2,3,0,0.9370122630992196,0.0,0.0,0.0,0.0033444816053511,0.0005574136008918,0.0005574136008918,0.0089186176142697,0.0011148272017837,0.0,0.0027870680044593,0.0005574136008918,0.0,0.0011148272017837,0.0022296544035674,0.011705685618729,0.0,0.0016722408026755,0.0,0.0011148272017837,0.0016722408026755,0.0
Georgia,Combined,2024-06-01,2024,6,1052,0,0,0,1,1,1,5,1,0,1,0,1,1,5,3,1,0,0,0,2,0,0.974074074074074,0.0,0.0,0.0,0.0009259259259259,0.0009259259259259,0.0009259259259259,0.0046296296296296,0.0009259259259259,0.0,0.0009259259259259,0.0,0.0009259259259259,0.0009259259259259,0.0046296296296296,0.0027777777777777,0.0009259259259259,0.0,0.0,0.0,0.0018518518518518,0.0
Georgia,Combined,2024-07-01,2024,7,971,0,0,0,0,0,0,2,0,0,0,0,0,0,9,2,0,2,0,2,0,0,0.9788306451612904,0.0,0.0,0.0,0.0,0.0,0.0,0.002016129032258,0.0,0.0,0.0,0.0,0.0,0.0,0.0090725806451612,0.002016129032258,0.0,0.002016129032258,0.0,0.002016129032258,0.0,0.0
Georgia,Combined,2024-08-01,2024,8,956,0,0,0,0,3,0,4,2,0,0,1,0,1,5,1,0,1,0,0,1,0,0.978505629477994,0.0,0.0,0.0,0.0,0.0030706243602865,0.0,0.0040941658137154,0.0020470829068577,0.0,0.0,0.0010235414534288,0.0,0.0010235414534288,0.0051177072671443,0.0010235414534288,0.0,0.0010235414534288,0.0,0.0,0.0010235414534288,0.0
Georgia,Combined,2024-09-01,2024,9,1324,0,0,0,0,2,0,12,1,4,3,1,0,1,5,7,1,0,0,1,3,0,0.9622093023255814,0.0,0.0,0.0,0.0,0.001453488372093,0.0,0.0087209302325581,0.0007267441860465,0.002906976744186,0.0021802325581395,0.0007267441860465,0.0,0.0007267441860465,0.0036337209302325,0.0050872093023255,0.0007267441860465,0.0,0.0,0.0007267441860465,0.0021802325581395,0.0
Georgia,Combined,2024-10-01,2024,10,1687,1,0,1,3,1,1,11,2,0,2,2,1,1,4,23,1,0,0,0,4,1,0.9498873873873874,0.000563063063063,0.0,0.000563063063063,0.0016891891891891,0.000563063063063,0.000563063063063,0.0061936936936936,0.0011261261261261,0.0,0.0011261261261261,0.0011261261261261,0.000563063063063,0.000563063063063,0.0022522522522522,0.0129504504504504,0.000563063063063,0.0,0.0,0.0,0.0022522522522522,0.000563063063063
Georgia,Combined,2024-11-01,2024,11,1408,0,0,0,3,0,1,10,2,0,9,0,0,0,6,15,0,0,0,2,1,0,0.9578231292517008,0.0,0.0,0.0,0.0020408163265306,0.0,0.0006802721088435,0.0068027210884353,0.001360544217687,0.0,0.0061224489795918,0.0,0.0,0.0,0.0040816326530612,0.010204081632653,0.0,0.0,0.0,0.001360544217687,0.0006802721088435,0.0
Georgia,Combined,2024-12-01,2024,12,1766,0,0,0,1,0,1,12,2,2,3,0,0,1,3,8,0,0,0,0,3,0,0.9660831509846828,0.0,0.0,0.0,0.0005470459518599,0.0,0.0005470459518599,0.0065645514223194,0.0010940919037199,0.0010940919037199,0.0016411378555798,0.0,0.0,0.0005470459518599,0.0016411378555798,0.0043763676148796,0.0,0.0,0.0,0.0,0.0016411378555798,0.0
Georgia,Combined,2025-01-01,2025,1,564,0,1,0,0,0,0,2,0,0,0,0,0,0,2,0,0,1,0,2,0,0,0.8663594470046083,0.0,0.0015360983102918,0.0,0.0,0.0,0.0,0.0030721966205837,0.0,0.0,0.0,0.0,0.0,0.0,0.0030721966205837,0.0,0.0,0.0015360983102918,0.0,0.0030721966205837,0.0,0.0
Georgia,Combined,2025-02-01,2025,2,965,0,0,0,0,0,0,4,0,1,0,1,0,0,3,2,0,0,0,2,2,0,0.9796954314720812,0.0,0.0,0.0,0.0,0.0,0.0,0.0040609137055837,0.0,0.0010152284263959,0.0,0.0010152284263959,0.0,0.0,0.0030456852791878,0.0020304568527918,0.0,0.0,0.0,0.0020304568527918,0.0020304568527918,0.0
Georgia,Combined,2025-03-01,2025,3,716,2,0,0,1,0,0,2,0,0,1,0,1,1,3,3,0,1,0,0,0,0,0.8127128263337117,0.0022701475595913,0.0,0.0,0.0011350737797956,0.0,0.0,0.0022701475595913,0.0,0.0,0.0011350737797956,0.0,0.0011350737797956,0.0011350737797956,0.003405221339387,0.003405221339387,0.0,0.0011350737797956,0.0,0.0,0.0,0.0
Georgia,Combined,2025-04-01,2025,4,708,0,0,0,2,3,0,2,1,0,1,0,0,0,0,1,0,1,0,0,0,0,0.735966735966736,0.0,0.0,0.0,0.002079002079002,0.0031185031185031,0.0,0.002079002079002,0.001039501039501,0.0,0.001039501039501,0.0,0.0,0.0,0.0,0.001039501039501,0.0,0.001039501039501,0.0,0.0,0.0,0.0
Georgia,Combined,2025-05-01,2025,5,303,0,0,0,2,0,0,1,2,0,0,0,0,0,2,1,0,1,0,0,0,0,0.4029255319148936,0.0,0.0,0.0,0.0026595744680851,0.0,0.0,0.0013297872340425,0.0026595744680851,0.0,0.0,0.0,0.0,0.0,0.0026595744680851,0.0013297872340425,0.0,0.0013297872340425,0.0,0.0,0.0,0.0
Georgia,Combined,2025-06-01,2025,6,281,0,0,0,1,0,0,2,0,0,0,0,0,0,2,1,1,0,0,0,0,0,0.4356589147286822,0.0,0.0,0.0,0.0015503875968992,0.0,0.0,0.0031007751937984,0.0,0.0,0.0,0.0,0.0,0.0,0.0031007751937984,0.0015503875968992,0.0015503875968992,0.0,0.0,0.0,0.0,0.0
Georgia,Combined,2025-07-01,2025,7,308,0,0,0,1,0,0,1,1,0,0,0,3,0,5,6,0,0,0,1,0,0,0.4084880636604774,0.0,0.0,0.0,0.0013262599469496,0.0,0.0,0.0013262599469496,0.0013262599469496,0.0,0.0,0.0,0.0039787798408488,0.0,0.006631299734748,0.0079575596816976,0.0,0.0,0.0,0.0013262599469496,0.0,0.0
Georgia,Combined,2025-08-01,2025,8,268,0,0,0,0,0,0,1,0,0,0,1,0,0,2,0,0,0,0,0,0,0,0.4364820846905538,0.0,0.0,0.0,0.0,0.0,0.0,0.001628664495114,0.0,0.0,0.0,0.001628664495114,0.0,0.0,0.003257328990228,0.0,0.0,0.0,0.0,0.0,0.0,0.0
Georgia,Combined,2025-09-01,2025,9,336,0,0,0,0,0,0,3,0,0,0,0,0,0,0,0,0,0,0,0,2,1,0.4848484848484848,0.0,0.0,0.0,0.0,0.0,0.0,0.0043290043290043,0.0,0.0,0.0,0.0,0.0,0.0,0.0,0.0,0.0,0.0,0.0,0.0,0.0028860028860028,0.0014430014430014
Georgia,Combined,2025-10-01,2025,10,460,0,0,0,2,0,0,1,0,2,1,0,0,0,2,1,0,0,0,0,1,2,0.5094130675526024,0.0,0.0,0.0,0.0022148394241417,0.0,0.0,0.0011074197120708,0.0,0.0022148394241417,0.0011074197120708,0.0,0.0,0.0,0.0022148394241417,0.0011074197120708,0.0,0.0,0.0,0.0,0.0011074197120708,0.0022148394241417
Georgia,Combined,2025-11-01,2025,11,388,0,0,0,1,0,2,0,0,0,1,0,1,0,1,0,0,0,0,2,0,0,0.5045513654096229,0.0,0.0,0.0,0.0013003901170351,0.0,0.0026007802340702,0.0,0.0,0.0,0.0013003901170351,0.0,0.0013003901170351,0.0,0.0013003901170351,0.0,0.0,0.0,0.0,0.0026007802340702,0.0,0.0
Georgia,Combined,2025-12-01,2025,12,354,0,0,0,1,2,0,1,0,0,0,0,0,0,7,0,0,0,0,0,1,0,0.4290909090909091,0.0,0.0,0.0,0.0012121212121212,0.0024242424242424,0.0,0.0012121212121212,0.0,0.0,0.0,0.0,0.0,0.0,0.0084848484848484,0.0,0.0,0.0,0.0,0.0,0.0012121212121212,0.0
Georgia,Combined,2026-01-01,2026,1,245,0,0,0,0,0,0,2,0,0,1,0,0,0,0,0,0,1,0,0,0,0,0.3571428571428571,0.0,0.0,0.0,0.0,0.0,0.0,0.0029154518950437,0.0,0.0,0.0014577259475218,0.0,0.0,0.0,0.0,0.0,0.0,0.0014577259475218,0.0,0.0,0.0,0.0
Georgia,Combined,2026-02-01,2026,2,159,0,0,0,0,0,0,1,0,0,1,0,1,0,0,0,0,0,0,1,0,0,0.2105960264900662,0.0,0.0,0.0,0.0,0.0,0.0,0.0013245033112582,0.0,0.0,0.0013245033112582,0.0,0.0013245033112582,0.0,0.0,0.0,0.0,0.0,0.0,0.0013245033112582,0.0,0.0
Georgia,Combined,2026-03-01,2026,3,69,0,0,0,0,0,0,0,0,0,1,0,0,0,0,0,0,0,0,0,0,0,0.0712809917355371,0.0,0.0,0.0,0.0,0.0,0.0,0.0,0.0,0.0,0.0010330578512396,0.0,0.0,0.0,0.0,0.0,0.0,0.0,0.0,0.0,0.0,0.0
Georgia,Combined,2026-04-01,2026,4,25,0,0,0,0,0,0,0,0,0,0,0,0,0,0,0,0,0,0,0,0,0,0.0284090909090909,0.0,0.0,0.0,0.0,0.0,0.0,0.0,0.0,0.0,0.0,0.0,0.0,0.0,0.0,0.0,0.0,0.0,0.0,0.0,0.0,0.0
Georgia,Combined,2026-05-01,2026,5,0,0,0,0,0,0,0,0,0,0,0,0,0,0,0,0,0,0,0,0,0,0,,,,,,,,,,,,,,,,,,,,,,
