country,iso3,civic_start,civic_end,civic_months,rai_start,rai_end,rai_months,mleed_start,mleed_end,mleed_months
Albania,ALB,2012-01-01,2026-08-01,176,2012-01-01,2026-08-01,176,2012-01-01,2026-09-01,177
Algeria,DZA,2012-01-01,2026-07-01,175,2012-01-01,2026-07-01,175,2012-01-01,2026-08-01,176
Angola,AGO,2012-01-01,2026-04-01,172,2012-01-01,2026-04-01,172,2012-01-01,2026-05-01,173
Armenia,ARM,2012-01-01,2026-06-01,174,2012-01-01,2026-06-01,174,2012-01-01,2026-07-01,175
Azerbaijan,AZE,2012-01-01,2026-06-01,174,2012-01-01,2026-06-01,174,2012-01-01,2026-07-01,175
Bangladesh,BGD,2012-01-01,2026-05-01,173,2012-01-01,2026-05-01,173,2012-01-01,2026-06-01,174
Belarus,BLR,2012-01-01,2026-08-01,176,2012-01-01,2026-08-01,176,2012-01-01,2026-09-01,177
Benin,BEN,2012-01-01,2026-05-01,173,2012-01-01,2026-05-01,173,2012-01-01,2026-06-01,174
Bolivia,BOL,,,0,,,0,2012-01-01,2026-08-01,176
Brazil,BRA,,,0,,,0,2012-01-01,2026-08-01,176
Burkina Faso,BFA,2012-01-01,2026-05-01,173,2012-01-01,2026-05-01,173,2012-01-01,2026-06-01,174
Cambodia,KHM,2012-01-01,2026-08-01,176,2012-01-01,2026-08-01,176,2012-01-01,2026-09-01,177
Cameroon,CMR,2012-01-01,2026-05-01,173,2012-01-01,2026-05-01,173,2012-01-01,2026-06-01,174
Colombia,COL,2012-01-01,2026-05-01,173,2012-01-01,2026-05-01,173,2012-01-01,2026-06-01,174
Costa Rica,CRI,2012-01-01,2026-06-01,174,2012-01-01,2026-06-01,174,2012-01-01,2026-07-01,175
DR Congo,COD,2012-01-01,2026-04-01,172,2012-01-01,2026-04-01,172,2012-01-01,2026-05-01,173
Dominican Republic,DOM,2012-01-01,2026-08-01,176,2012-01-01,2026-08-01,176,2012-01-01,2026-09-01,177
Ecuador,ECU,2012-01-01,2026-08-01,176,2012-01-01,2026-08-01,176,2012-01-01,2026-09-01,177
Egypt,EGY,,,0,,,0,2012-01-01,2026-08-01,176
El Salvador,SLV,2012-01-01,2026-08-01,176,2012-01-01,2026-08-01,176,2012-01-01,2026-09-01,177
Ethiopia,ETH,2012-01-01,2026-06-01,174,2012-01-01,2026-06-01,174,2012-01-01,2026-07-01,175
Georgia,GEO,2012-01-01,2026-05-01,173,2012-01-01,2026-05-01,173,2012-01-01,2026-06-01,174
Ghana,GHA,2012-01-01,2026-04-01,172,2012-01-01,2026-04-01,172,2012-01-01,2026-05-01,173
Guatemala,GTM,2012-01-01,2026-04-01,172,2012-01-01,2026-04-01,172,2012-01-01,2026-05-01,173
Honduras,HND,2012-01-01,2026-04-01,172,2012-01-01,2026-04-01,172,2012-01-01,2026-05-01,173
Hungary,HUN,2012-01-01,2026-06-01,174,2012-01-01,2026-06-01,174,2012-01-01,2026-07-01,175
India,IND,2012-01-01,2026-07-01,175,2012-01-01,2026-07-01,175,2012-01-01,2026-08-01,176
Indonesia,IDN,2012-01-01,2026-08-01,176,2012-01-01,2026-08-01,176,2012-01-01,2026-09-01,177
Jamaica,JAM,2012-01-01,2026-06-01,174,2012-01-01,2026-06-01,174,2012-01-01,2026-07-01,175
Kazakhstan,KAZ,2012-01-01,2026-06-01,174,2012-01-01,2026-06-01,174,2012-01-01,2026-07-01,175
Kenya,KEN,2012-01-01,2026-07-01,175,2012-01-01,2026-07-01,175,2012-01-01,2026-08-01,176
Kosovo,XKX,2012-01-01,2026-05-01,173,2012-01-01,2026-05-01,173,2012-01-01,2026-06-01,174
Kyrgyzstan,KGZ,2012-01-01,2026-08-01,176,2012-01-01,2026-08-01,176,2012-01-01,2026-09-01,177
Liberia,LBR,2012-01-01,2026-08-01,176,2012-01-01,2026-08-01,176,2012-01-01,2026-09-01,177
Macedonia,MKD,2012-01-01,2026-08-01,176,2012-01-01,2026-08-01,176,2012-01-01,2026-09-01,177
Malawi,MWI,2012-01-01,2026-08-01,176,2012-01-01,2026-08-01,176,2012-01-01,2026-09-01,177
Malaysia,MYS,2012-01-01,2026-06-01,174,2012-01-01,2026-06-01,174,2012-01-01,2026-07-01,175
Mali,MLI,2012-01-01,2026-04-01,172,2012-01-01,2026-04-01,172,2012-01-01,2026-05-01,173
Mauritania,MRT,2012-01-01,2026-06-01,174,2012-01-01,2026-06-01,174,2012-01-01,2026-07-01,175
Mexico,MEX,2012-01-01,2026-06-01,174,2012-01-01,2026-06-01,174,2012-01-01,2026-07-01,175
Moldova,MDA,2012-01-01,2026-06-01,174,2012-01-01,2026-06-01,174,2012-01-01,2026-08-01,176
Morocco,MAR,2012-01-01,2026-06-01,174,2012-01-01,2026-06-01,174,2012-01-01,2026-07-01,175
Mozambique,MOZ,2012-01-01,2026-04-01,172,2012-01-01,2026-04-01,172,2012-01-01,2026-05-01,173
Namibia,NAM,2012-01-01,2026-06-01,174,2012-01-01,2026-06-01,174,2012-01-01,2026-07-01,175
Nepal,NPL,2012-01-01,2026-06-01,174,2012-01-01,2026-06-01,174,2012-01-01,2026-07-01,175
Nicaragua,NIC,2012-01-01,2026-08-01,176,2012-01-01,2026-08-01,176,2012-01-01,2026-09-01,177
Niger,NER,2012-01-01,2026-06-01,174,2012-01-01,2026-06-01,174,2012-01-01,2026-07-01,175
Nigeria,NGA,2012-01-01,2026-04-01,172,2012-01-01,2026-04-01,172,2012-01-01,2026-06-01,174
Pakistan,PAK,2012-01-01,2026-06-01,174,2012-01-01,2026-06-01,174,2012-01-01,2026-08-01,176
Panama,PAN,2012-01-01,2026-08-01,176,2012-01-01,2026-08-01,176,2012-01-01,2026-09-01,177
Paraguay,PRY,2012-01-01,2026-08-01,176,2012-01-01,2026-08-01,176,2012-01-01,2026-09-01,177
Peru,PER,2012-01-01,2026-03-01,171,2012-01-01,2026-03-01,171,2012-01-01,2026-04-01,172
Philippines,PHL,2012-01-01,2026-06-01,174,2012-01-01,2026-06-01,174,2012-01-01,2026-07-01,175
Rwanda,RWA,2012-01-01,2026-04-01,172,2012-01-01,2026-04-01,172,2012-01-01,2026-05-01,173
Senegal,SEN,2012-01-01,2026-08-01,176,2012-01-01,2026-08-01,176,2012-01-01,2026-09-01,177
Serbia,SRB,2012-01-01,2026-07-01,175,2012-01-01,2026-07-01,175,2012-01-01,2026-08-01,176
Solomon Islands,SLB,2012-01-01,2026-03-01,171,2012-01-01,2026-03-01,171,2012-01-01,2026-06-01,174
South Africa,ZAF,2012-01-01,2026-04-01,172,2012-01-01,2026-04-01,172,2012-01-01,2026-05-01,173
South Sudan,SSD,2012-01-01,2026-04-01,172,2012-01-01,2026-04-01,172,2012-01-01,2026-05-01,173
Sri Lanka,LKA,2012-01-01,2026-08-01,176,2012-01-01,2026-08-01,176,2012-01-01,2026-09-01,177
Tanzania,TZA,2012-01-01,2026-03-01,171,2012-01-01,2026-03-01,171,2012-01-01,2026-04-01,172
Timor Leste,TLS,2012-01-01,2026-08-01,176,2012-01-01,2026-08-01,176,2012-01-01,2026-09-01,177
Tunisia,TUN,2012-01-01,2026-08-01,176,2012-01-01,2026-08-01,176,2012-01-01,2026-09-01,177
Turkey,TUR,2012-01-01,2026-05-01,173,2012-01-01,2026-05-01,173,2012-01-01,2026-06-01,174
Uganda,UGA,2012-01-01,2026-04-01,172,2012-01-01,2026-04-01,172,2012-01-01,2026-05-01,173
Ukraine,UKR,2012-01-01,2026-06-01,174,2012-01-01,2026-06-01,174,2012-01-01,2026-07-01,175
Uzbekistan,UZB,2012-01-01,2026-06-01,174,2012-01-01,2026-06-01,174,2012-01-01,2026-07-01,175
Zambia,ZMB,2012-01-01,2026-06-01,174,2012-01-01,2026-06-01,174,2012-01-01,2026-07-01,175
Zimbabwe,ZWE,2012-01-01,2026-01-01,169,2012-01-01,2026-03-01,171,2012-01-01,2026-05-01,173
