country,source,source_type,active_start,active_end,active_months,total_articles
Albania,aljazeera.com,International,2012-01-01,2025-01-01,98,211
Albania,balkaninsight.com,Regional,2012-01-01,2025-04-01,160,3861
Albania,bbc.com,International,2012-05-01,2024-11-01,122,305
Albania,csmonitor.com,International,2012-02-01,2025-01-01,51,69
Albania,elpais.com,International,2017-05-01,2025-03-01,34,66
Albania,euronews.com,Regional,2012-02-01,2025-02-01,138,1483
Albania,france24.com,International,2012-02-01,2024-02-01,106,677
Albania,gazetatema.net,Local,2012-01-01,2025-04-01,160,186671
Albania,iwpr.net,Regional,2013-11-01,2021-06-01,2,2
Albania,lefigaro.fr,International,2012-01-01,2025-03-01,120,297
Albania,lemonde.fr,International,2013-11-01,2025-03-01,57,111
Albania,liberation.fr,International,2012-05-01,2025-01-01,79,251
Albania,neweasterneurope.eu,Regional,2013-08-01,2024-12-01,27,34
Albania,nytimes.com,International,2012-01-01,2023-08-01,139,1234
Albania,panorama.com.al,Local,2012-01-01,2025-03-01,159,301294
Albania,reuters.com,International,2012-01-01,2023-11-01,142,2083
Albania,scmp.com,International,2012-05-01,2025-03-01,57,100
Albania,telegraf.al,Local,2012-07-01,2025-03-01,153,131800
Albania,theguardian.com,International,2014-04-01,2024-12-01,97,303
Albania,themoscowtimes.com,International,2012-03-01,2024-12-01,29,33
Albania,washingtonpost.com,International,2012-01-01,2024-08-01,105,775
Albania,wsj.com,International,2012-01-01,2023-12-01,124,679
Algeria,24hdz.com,Local,2020-02-01,2025-05-01,63,7774
Algeria,africanews.com,Regional,2015-12-01,2025-03-01,109,2231
Algeria,aljazeera.com,International,2012-01-01,2025-03-01,155,865
Algeria,bbc.com,International,2012-02-01,2025-01-01,155,1954
Algeria,csmonitor.com,International,2012-01-01,2024-09-01,42,89
Algeria,echaab.dz,Local,2020-08-01,2025-05-01,58,28251
Algeria,echoroukonline.com,Local,2012-01-01,2025-05-01,161,238709
Algeria,el-massa.com,Local,2014-11-01,2025-05-01,127,8619
Algeria,elkhabar.com,Local,2015-06-01,2025-05-01,120,110197
Algeria,elpais.com,International,2015-10-01,2025-03-01,84,342
Algeria,elwatan-dz.com,Local,2021-02-01,2025-05-01,46,16907
Algeria,france24.com,International,2012-01-01,2024-03-01,147,6263
Algeria,lefigaro.fr,International,2012-01-01,2025-03-01,159,3227
Algeria,lemonde.fr,International,2012-01-01,2025-03-01,153,2045
Algeria,liberation.fr,International,2012-01-01,2025-03-01,153,1909
Algeria,nytimes.com,International,2012-01-01,2023-08-01,100,232
Algeria,reuters.com,International,2012-01-01,2023-11-01,143,4508
Algeria,scmp.com,International,2012-04-01,2025-03-01,69,142
Algeria,theeastafrican.co.ke,Regional,2012-03-01,2024-10-01,82,181
Algeria,theguardian.com,International,2013-01-01,2024-12-01,108,267
Algeria,themoscowtimes.com,International,2012-01-01,2024-10-01,41,70
Algeria,twala.info,Local,2020-10-01,2025-05-01,51,1945
Algeria,washingtonpost.com,International,2012-01-01,2024-08-01,100,442
Algeria,wsj.com,International,2012-06-01,2023-10-01,67,183
Angola,africanews.com,Regional,2015-12-01,2025-03-01,109,2888
Angola,aljazeera.com,International,2012-01-01,2025-03-01,156,882
Angola,angola-online.net,Local,2016-08-01,2024-04-01,90,9672
Angola,angola24horas.com,Local,2012-07-01,2024-07-01,124,18392
Angola,bbc.com,International,2012-01-01,2025-03-01,144,673
Angola,csmonitor.com,International,2012-01-01,2024-12-01,80,217
Angola,elpais.com,International,2015-03-01,2025-03-01,55,97
Angola,france24.com,International,2012-01-01,2024-03-01,140,1301
Angola,jornaldeangola.ao,Local,2018-01-01,2025-02-01,75,63754
Angola,jornalf8.net,Local,2014-09-01,2025-01-01,123,12190
Angola,lefigaro.fr,International,2012-01-01,2025-03-01,107,234
Angola,lemonde.fr,International,2012-02-01,2024-10-01,91,219
Angola,liberation.fr,International,2012-06-01,2024-05-01,48,82
Angola,nytimes.com,International,2012-01-01,2023-08-01,138,637
Angola,opais.co.ao,Local,2017-11-01,2025-01-01,87,27719
Angola,portaldeangola.com,Local,2012-01-01,2024-10-01,148,86490
Angola,reuters.com,International,2012-01-01,2023-11-01,143,6573
Angola,scmp.com,International,2012-01-01,2025-03-01,129,374
Angola,theeastafrican.co.ke,Regional,2012-01-01,2024-11-01,146,829
Angola,theguardian.com,International,2012-04-01,2025-02-01,132,621
Angola,themoscowtimes.com,International,2012-03-01,2024-11-01,46,58
Angola,vozdeangola.com,Local,2017-04-01,2025-01-01,84,6812
Angola,washingtonpost.com,International,2012-03-01,2024-12-01,135,712
Angola,wsj.com,International,2012-01-01,2023-12-01,126,511
Armenia,168.am,Local,2012-06-01,2025-03-01,154,253760
Armenia,1in.am,Local,2012-01-01,2024-09-01,153,287943
Armenia,aljazeera.com,International,2012-01-01,2025-03-01,110,469
Armenia,aravot.am,Local,2012-01-01,2025-03-01,159,218732
Armenia,azatutyun.am,Local,2012-03-01,2025-03-01,157,76284
Armenia,balkaninsight.com,Regional,2013-11-01,2024-07-01,26,36
Armenia,bbc.com,International,2012-01-01,2024-11-01,133,988
Armenia,csmonitor.com,International,2012-01-01,2024-11-01,30,50
Armenia,elpais.com,International,2015-05-01,2025-03-01,46,67
Armenia,euronews.com,Regional,2012-01-01,2025-02-01,128,1297
Armenia,france24.com,International,2012-01-01,2024-03-01,111,1474
Armenia,golosarmenii.am,Local,2012-02-01,2025-03-01,155,143661
Armenia,iwpr.net,Regional,2012-01-01,2023-12-01,113,426
Armenia,lefigaro.fr,International,2012-01-01,2025-03-01,122,645
Armenia,lemonde.fr,International,2012-01-01,2024-11-01,67,270
Armenia,liberation.fr,International,2012-01-01,2025-02-01,68,278
Armenia,neweasterneurope.eu,Regional,2012-02-01,2025-02-01,87,181
Armenia,nytimes.com,International,2012-05-01,2023-04-01,56,119
Armenia,reuters.com,International,2012-01-01,2023-11-01,143,1917
Armenia,scmp.com,International,2013-02-01,2025-03-01,48,93
Armenia,theguardian.com,International,2014-04-01,2025-02-01,67,174
Armenia,themoscowtimes.com,International,2012-01-01,2025-01-01,115,514
Armenia,washingtonpost.com,International,2012-03-01,2024-08-01,73,256
Armenia,wsj.com,International,2012-11-01,2023-12-01,40,78
Azerbaijan,abzas.org,Local,2015-12-01,2025-03-01,109,18419
Azerbaijan,aljazeera.com,International,2012-03-01,2025-03-01,114,502
Azerbaijan,azadliq.info,Local,2012-01-01,2024-09-01,153,77289
Azerbaijan,azeritimes.com,Local,2019-09-01,2025-03-01,59,47756
Azerbaijan,balkaninsight.com,Regional,2012-01-01,2025-03-01,62,85
Azerbaijan,bbc.com,International,2012-01-01,2025-03-01,154,1261
Azerbaijan,csmonitor.com,International,2012-01-01,2024-12-01,32,53
Azerbaijan,elpais.com,International,2017-01-01,2025-03-01,34,62
Azerbaijan,euronews.com,Regional,2012-01-01,2025-02-01,147,2422
Azerbaijan,france24.com,International,2012-01-01,2024-03-01,111,1815
Azerbaijan,iwpr.net,Regional,2012-01-01,2023-11-01,116,375
Azerbaijan,lefigaro.fr,International,2012-02-01,2025-03-01,122,757
Azerbaijan,lemonde.fr,International,2012-04-01,2024-12-01,88,373
Azerbaijan,liberation.fr,International,2012-04-01,2024-12-01,77,379
Azerbaijan,mikroskopmedia.com,Local,2018-02-01,2024-11-01,80,914
Azerbaijan,musavat.com,Local,2012-01-01,2024-11-01,155,333473
Azerbaijan,neweasterneurope.eu,Regional,2012-01-01,2025-02-01,84,172
Azerbaijan,nytimes.com,International,2012-01-01,2023-01-01,67,138
Azerbaijan,reuters.com,International,2012-01-01,2023-11-01,143,4342
Azerbaijan,ru.echo.az,Local,2016-08-01,2018-06-01,23,1720
Azerbaijan,scmp.com,International,2012-01-01,2025-03-01,63,233
Azerbaijan,theguardian.com,International,2014-02-01,2025-02-01,83,341
Azerbaijan,themoscowtimes.com,International,2012-01-01,2025-02-01,127,554
Azerbaijan,turan.az,Local,2012-01-01,2024-10-01,153,73637
Azerbaijan,washingtonpost.com,International,2012-07-01,2024-12-01,90,315
Azerbaijan,wsj.com,International,2012-05-01,2023-09-01,62,134
Azerbaijan,xalqcebhesi.az,Local,2014-02-01,2025-01-01,131,55800
Azerbaijan,zerkalo.az,Local,2012-08-01,2025-01-01,88,43417
Bangladesh,aljazeera.com,International,2012-01-01,2025-03-01,159,2419
Bangladesh,asia.nikkei.com,Regional,2016-07-01,2025-03-01,77,328
Bangladesh,asiatimes.com,Regional,2015-04-01,2025-01-01,112,832
Bangladesh,bbc.com,International,2012-01-01,2024-12-01,151,1964
Bangladesh,bd-pratidin.com,Local,2012-03-01,2025-03-01,146,609265
Bangladesh,csmonitor.com,International,2012-05-01,2024-11-01,97,224
Bangladesh,dailyjanakantha.com,Local,2012-01-01,2025-04-01,140,252542
Bangladesh,elpais.com,International,2015-08-01,2025-03-01,76,165
Bangladesh,france24.com,International,2012-01-01,2024-03-01,140,2973
Bangladesh,indiatimes.com,Regional,2012-02-01,2022-06-01,108,509
Bangladesh,jugantor.com,Local,2013-06-01,2023-12-01,127,664018
Bangladesh,kalerkantho.com,Local,2013-09-01,2023-06-01,112,348654
Bangladesh,lefigaro.fr,International,2012-01-01,2025-03-01,153,868
Bangladesh,lemonde.fr,International,2012-11-01,2024-11-01,110,305
Bangladesh,liberation.fr,International,2012-01-01,2025-02-01,122,651
Bangladesh,nytimes.com,International,2012-01-01,2023-07-01,132,657
Bangladesh,prothomalo.com,Local,2012-01-01,2025-04-01,160,540423
Bangladesh,reuters.com,International,2012-01-01,2023-11-01,143,7593
Bangladesh,scmp.com,International,2012-01-01,2025-03-01,153,1344
Bangladesh,theguardian.com,International,2012-02-01,2025-02-01,136,1067
Bangladesh,themoscowtimes.com,International,2012-02-01,2025-02-01,28,38
Bangladesh,washingtonpost.com,International,2012-01-01,2024-12-01,133,1018
Bangladesh,wsj.com,International,2012-03-01,2023-11-01,112,534
Belarus,aljazeera.com,International,2012-01-01,2024-11-01,113,693
Belarus,balkaninsight.com,Regional,2012-01-01,2024-07-01,78,158
Belarus,bbc.com,International,2012-01-01,2024-12-01,154,3362
Belarus,belgazeta.by,Local,2012-01-01,2021-10-01,117,7827
Belarus,csmonitor.com,International,2012-09-01,2024-08-01,55,111
Belarus,elpais.com,International,2015-06-01,2024-11-01,67,222
Belarus,euronews.com,Regional,2012-01-01,2024-11-01,152,3642
Belarus,france24.com,International,2012-01-01,2024-03-01,130,2567
Belarus,iwpr.net,Regional,2012-01-01,2023-12-01,64,100
Belarus,lefigaro.fr,International,2012-01-01,2024-11-01,154,1705
Belarus,lemonde.fr,International,2012-01-01,2024-10-01,116,558
Belarus,liberation.fr,International,2012-01-01,2024-09-01,130,834
Belarus,nashaniva.by,Local,2012-01-01,2024-12-01,156,167857
Belarus,neweasterneurope.eu,Regional,2012-01-01,2024-12-01,117,338
Belarus,novychas.by,Local,2012-01-01,2024-12-01,156,30902
Belarus,nv-online.info,Local,2012-01-01,2023-12-01,137,82700
Belarus,nytimes.com,International,2012-02-01,2023-08-01,99,463
Belarus,reuters.com,International,2012-01-01,2023-11-01,142,5726
Belarus,sb.by,Local,2012-01-01,2024-12-01,156,436158
Belarus,scmp.com,International,2012-01-01,2024-10-01,98,283
Belarus,theguardian.com,International,2013-03-01,2024-10-01,97,595
Belarus,themoscowtimes.com,International,2012-01-01,2024-11-01,152,1713
Belarus,washingtonpost.com,International,2012-01-01,2024-07-01,107,756
Belarus,wsj.com,International,2012-01-01,2023-07-01,86,294
Belarus,zviazda.by,Local,2012-03-01,2024-12-01,152,194468
Benin,africanews.com,Regional,2015-12-01,2025-02-01,105,1090
Benin,aljazeera.com,International,2012-01-01,2024-05-01,85,149
Benin,bbc.com,International,2012-01-01,2025-01-01,118,448
Benin,csmonitor.com,International,2012-03-01,2024-06-01,22,22
Benin,elpais.com,International,2018-02-01,2025-01-01,29,44
Benin,france24.com,International,2012-01-01,2024-03-01,130,804
Benin,lanouvelletribune.info,Local,2012-01-01,2025-01-01,157,49107
Benin,lefigaro.fr,International,2012-04-01,2025-03-01,94,219
Benin,lematinal.media,Local,2021-06-01,2024-09-01,40,3813
Benin,lemonde.fr,International,2012-10-01,2024-11-01,107,366
Benin,levenementprecis.com,Local,2012-01-01,2025-01-01,155,12837
Benin,liberation.fr,International,2012-01-01,2025-02-01,64,145
Benin,news.acotonou.com,Local,2013-01-01,2025-01-01,145,77005
Benin,nytimes.com,International,2012-01-01,2023-07-01,46,55
Benin,reuters.com,International,2012-01-01,2023-10-01,130,523
Benin,scmp.com,International,2012-10-01,2024-08-01,29,33
Benin,theeastafrican.co.ke,Regional,2012-02-01,2024-06-01,70,110
Benin,theguardian.com,International,2012-10-01,2025-02-01,62,91
Benin,themoscowtimes.com,International,2012-03-01,2025-01-01,9,9
Benin,washingtonpost.com,International,2012-03-01,2023-08-01,54,87
Benin,wsj.com,International,2012-07-01,2023-11-01,33,36
Burkina Faso,africanews.com,Regional,2015-12-01,2025-03-01,109,2364
Burkina Faso,aljazeera.com,International,2012-01-01,2025-01-01,128,559
Burkina Faso,bbc.com,International,2012-01-01,2025-01-01,143,1081
Burkina Faso,burkina24.com,Local,2012-01-01,2025-01-01,157,41246
Burkina Faso,csmonitor.com,International,2012-03-01,2024-11-01,28,42
Burkina Faso,elpais.com,International,2015-03-01,2025-02-01,70,134
Burkina Faso,evenement-bf.net,Local,2012-05-01,2024-08-01,118,2401
Burkina Faso,france24.com,International,2012-01-01,2024-12-01,144,2745
Burkina Faso,laborpresse.net,Local,2014-01-01,2025-01-01,128,5157
Burkina Faso,lefaso.net,Local,2012-01-01,2025-01-01,157,62431
Burkina Faso,lefigaro.fr,International,2012-02-01,2025-03-01,142,1103
Burkina Faso,lemonde.fr,International,2013-06-01,2025-03-01,129,1133
Burkina Faso,liberation.fr,International,2012-01-01,2025-02-01,128,567
Burkina Faso,nytimes.com,International,2012-01-01,2023-08-01,62,124
Burkina Faso,reuters.com,International,2012-03-01,2023-10-01,140,1590
Burkina Faso,scmp.com,International,2012-11-01,2025-03-01,46,76
Burkina Faso,theeastafrican.co.ke,Regional,2012-05-01,2024-10-01,89,230
Burkina Faso,theguardian.com,International,2012-10-01,2025-02-01,93,192
Burkina Faso,themoscowtimes.com,International,2012-03-01,2024-11-01,11,12
Burkina Faso,washingtonpost.com,International,2012-03-01,2024-12-01,89,272
Burkina Faso,wsj.com,International,2014-05-01,2023-04-01,37,55
Cambodia,aljazeera.com,International,2012-02-01,2025-03-01,145,632
Cambodia,asia.nikkei.com,Regional,2015-06-01,2025-03-01,77,473
Cambodia,asiatimes.com,Regional,2012-11-01,2024-11-01,109,659
Cambodia,bbc.com,International,2012-02-01,2024-12-01,125,500
Cambodia,cambodiadaily.com,Local,2012-03-01,2025-05-01,153,10035
Cambodia,csmonitor.com,International,2012-02-01,2025-01-01,57,92
Cambodia,elpais.com,International,2015-05-01,2025-01-01,47,67
Cambodia,france24.com,International,2012-02-01,2024-03-01,113,686
Cambodia,indiatimes.com,Regional,2015-06-01,2022-05-01,18,20
Cambodia,kohsantepheapdaily.com.kh,Local,2012-01-01,2025-05-01,161,171974
Cambodia,lefigaro.fr,International,2012-01-01,2025-02-01,137,461
Cambodia,lemonde.fr,International,2012-09-01,2024-11-01,89,159
Cambodia,liberation.fr,International,2012-01-01,2025-01-01,93,265
Cambodia,moneaksekar.com,Local,2013-02-01,2024-12-01,116,10845
Cambodia,nytimes.com,International,2012-01-01,2023-08-01,112,288
Cambodia,phnompenhpost.com,Local,2012-01-01,2025-05-01,161,59304
Cambodia,reuters.com,International,2012-02-01,2023-10-01,140,2350
Cambodia,scmp.com,International,2012-03-01,2025-03-01,156,1197
Cambodia,theguardian.com,International,2012-10-01,2025-02-01,113,350
Cambodia,themoscowtimes.com,International,2012-02-01,2024-09-01,28,44
Cambodia,washingtonpost.com,International,2012-04-01,2024-11-01,107,424
Cambodia,wsj.com,International,2012-01-01,2023-12-01,85,138
Cameroon,237actu.com,Local,2016-04-01,2025-01-01,94,19109
Cameroon,237online.com,Local,2012-01-01,2025-01-01,147,27064
Cameroon,africanews.com,Regional,2015-12-01,2025-03-01,109,3729
Cameroon,aljazeera.com,International,2012-01-01,2025-02-01,137,566
Cameroon,bbc.com,International,2012-01-01,2025-03-01,156,1705
Cameroon,cameroonvoice.com,Local,2012-01-01,2024-05-01,149,10037
Cameroon,camerounweb.com,Local,2012-01-01,2025-01-01,133,128570
Cameroon,csmonitor.com,International,2012-05-01,2024-07-01,52,88
Cameroon,elpais.com,International,2015-04-01,2025-02-01,61,126
Cameroon,france24.com,International,2012-01-01,2024-03-01,144,2747
Cameroon,journalducameroun.com,Local,2012-01-01,2024-07-01,147,29331
Cameroon,lebledparle.com,Local,2012-05-01,2025-01-01,129,12468
Cameroon,lefigaro.fr,International,2012-01-01,2025-02-01,150,839
Cameroon,lemonde.fr,International,2012-09-01,2024-11-01,128,808
Cameroon,liberation.fr,International,2012-02-01,2025-02-01,108,415
Cameroon,nytimes.com,International,2012-01-01,2023-06-01,92,175
Cameroon,reuters.com,International,2012-01-01,2023-10-01,142,2184
Cameroon,scmp.com,International,2012-02-01,2025-03-01,129,365
Cameroon,theeastafrican.co.ke,Regional,2012-03-01,2024-11-01,100,367
Cameroon,theguardian.com,International,2012-06-01,2025-02-01,120,417
Cameroon,themoscowtimes.com,International,2013-03-01,2024-07-01,24,33
Cameroon,thesunnewspaper.cm,Local,2013-12-01,2025-01-01,95,2510
Cameroon,washingtonpost.com,International,2012-03-01,2024-12-01,99,316
Cameroon,wsj.com,International,2012-05-01,2022-10-01,67,103
Colombia,aljazeera.com,International,2012-01-01,2025-03-01,158,1446
Colombia,bbc.com,International,2012-01-01,2025-03-01,159,3509
Colombia,cnnespanol.cnn.com,Regional,2012-01-01,2025-01-01,157,8374
Colombia,csmonitor.com,International,2012-01-01,2025-01-01,131,431
Colombia,elcolombiano.com,Local,2012-01-01,2025-04-01,160,189059
Colombia,elespectador.com,Local,2012-01-01,2025-04-01,160,255867
Colombia,elheraldo.co,Local,2012-01-01,2025-04-01,160,167905
Colombia,elpais.com,International,2014-08-01,2025-03-01,122,7952
Colombia,eltiempo.com,Local,2012-01-01,2025-04-01,160,523526
Colombia,france24.com,International,2012-01-01,2024-10-01,149,7610
Colombia,lefigaro.fr,International,2012-01-01,2025-03-01,159,1914
Colombia,lemonde.fr,International,2012-01-01,2025-03-01,125,595
Colombia,liberation.fr,International,2012-02-01,2025-03-01,142,1039
Colombia,nytimes.com,International,2012-01-01,2023-08-01,139,1352
Colombia,reuters.com,International,2012-01-01,2023-11-01,143,13318
Colombia,scmp.com,International,2012-02-01,2025-03-01,128,406
Colombia,theguardian.com,International,2012-04-01,2025-02-01,134,1150
Colombia,themoscowtimes.com,International,2012-02-01,2024-12-01,38,45
Colombia,washingtonpost.com,International,2012-01-01,2024-12-01,155,3013
Colombia,wsj.com,International,2012-01-01,2023-12-01,138,1103
Costa Rica,aljazeera.com,International,2012-04-01,2025-03-01,86,150
Costa Rica,bbc.com,International,2012-01-01,2025-02-01,131,510
Costa Rica,cnnespanol.cnn.com,Regional,2012-02-01,2025-02-01,152,1303
Costa Rica,csmonitor.com,International,2012-01-01,2024-02-01,56,84
Costa Rica,diarioextra.com,Local,2013-04-01,2024-12-01,141,120055
Costa Rica,elpais.com,International,2015-05-01,2025-03-01,102,627
Costa Rica,france24.com,International,2012-04-01,2024-03-01,102,1020
Costa Rica,larepublica.net,Local,2012-01-01,2024-12-01,156,104672
Costa Rica,lefigaro.fr,International,2012-02-01,2025-02-01,96,211
Costa Rica,lemonde.fr,International,2012-01-01,2024-11-01,58,92
Costa Rica,liberation.fr,International,2012-03-01,2024-07-01,52,119
Costa Rica,news.co.cr,Local,2012-01-01,2022-10-01,124,8379
Costa Rica,nytimes.com,International,2012-01-01,2023-08-01,87,148
Costa Rica,reuters.com,International,2012-02-01,2023-11-01,142,1504
Costa Rica,scmp.com,International,2012-05-01,2025-03-01,48,69
Costa Rica,theguardian.com,International,2013-03-01,2024-12-01,93,187
Costa Rica,themoscowtimes.com,International,2012-11-01,2023-03-01,12,13
Costa Rica,ticotimes.net,Local,2012-01-01,2024-12-01,155,15545
Costa Rica,washingtonpost.com,International,2012-06-01,2024-01-01,92,249
Costa Rica,wsj.com,International,2012-03-01,2022-10-01,67,118
DR Congo,7sur7.cd,Local,2014-06-01,2025-01-01,100,48440
DR Congo,acpcongo.com,Local,2016-10-01,2025-01-01,72,73586
DR Congo,actualite.cd,Local,2014-09-01,2024-12-01,102,58978
DR Congo,africanews.com,Regional,2015-12-01,2025-03-01,109,7498
DR Congo,aljazeera.com,International,2012-01-01,2025-03-01,159,1677
DR Congo,bbc.com,International,2012-01-01,2025-03-01,158,3177
DR Congo,cas-info.ca,Local,2016-06-01,2023-12-01,85,10507
DR Congo,csmonitor.com,International,2012-01-01,2024-09-01,77,147
DR Congo,elpais.com,International,2015-03-01,2025-03-01,96,343
DR Congo,france24.com,International,2012-01-01,2024-03-01,147,5290
DR Congo,groupelavenir.org,Local,2012-05-01,2019-06-01,53,4300
DR Congo,lefigaro.fr,International,2012-01-01,2025-03-01,159,1834
DR Congo,lemonde.fr,International,2012-03-01,2025-02-01,140,1481
DR Congo,lephareonline.net,Local,2012-01-01,2024-04-01,143,11358
DR Congo,lesoftonline.net,Local,2012-01-01,2024-12-01,144,1997
DR Congo,liberation.fr,International,2012-01-01,2025-03-01,137,872
DR Congo,matininfos.net,Local,2016-08-01,2025-01-01,102,6052
DR Congo,nytimes.com,International,2012-01-01,2023-08-01,123,453
DR Congo,radiookapi.net,Local,2012-01-01,2025-01-01,157,89461
DR Congo,reuters.com,International,2012-01-01,2023-11-01,143,6145
DR Congo,scmp.com,International,2012-03-01,2025-03-01,127,359
DR Congo,theeastafrican.co.ke,Regional,2012-01-01,2024-11-01,155,2926
DR Congo,theguardian.com,International,2012-06-01,2025-02-01,131,767
DR Congo,themoscowtimes.com,International,2012-03-01,2024-11-01,29,35
DR Congo,washingtonpost.com,International,2012-03-01,2024-12-01,127,982
DR Congo,wsj.com,International,2012-01-01,2023-12-01,97,269
Dominican Republic,aljazeera.com,International,2012-01-01,2025-03-01,96,177
Dominican Republic,balkaninsight.com,Regional,2012-05-01,2023-05-01,7,7
Dominican Republic,bbc.com,International,2012-01-01,2025-02-01,110,277
Dominican Republic,csmonitor.com,International,2012-04-01,2024-03-01,36,55
Dominican Republic,diariolibre.com,Local,2012-01-01,2025-05-01,149,118313
Dominican Republic,elcaribe.com.do,Local,2012-01-01,2025-05-01,161,268180
Dominican Republic,elnacional.com.do,Local,2013-01-01,2025-04-01,134,82300
Dominican Republic,elpais.com,International,2015-03-01,2025-03-01,92,249
Dominican Republic,elviajero.com.do,Local,2014-04-01,2025-05-01,108,7156
Dominican Republic,euronews.com,Regional,2012-07-01,2025-01-01,94,334
Dominican Republic,france24.com,International,2012-05-01,2024-03-01,95,621
Dominican Republic,hoy.com.do,Local,2013-12-01,2025-05-01,120,166343
Dominican Republic,iwpr.net,Regional,2014-12-01,2017-07-01,3,3
Dominican Republic,lefigaro.fr,International,2012-02-01,2025-03-01,107,250
Dominican Republic,lemonde.fr,International,2013-03-01,2024-11-01,47,72
Dominican Republic,liberation.fr,International,2012-06-01,2025-02-01,46,94
Dominican Republic,listindiario.com,Local,2012-01-01,2024-03-01,140,104177
Dominican Republic,neweasterneurope.eu,Regional,,,0,0
Dominican Republic,nytimes.com,International,2012-01-01,2023-04-01,95,201
Dominican Republic,reuters.com,International,2012-01-01,2023-11-01,142,1355
Dominican Republic,scmp.com,International,2012-01-01,2025-03-01,48,73
Dominican Republic,theguardian.com,International,2012-06-01,2024-12-01,86,170
Dominican Republic,themoscowtimes.com,International,2013-07-01,2024-12-01,16,19
Dominican Republic,washingtonpost.com,International,2012-02-01,2024-12-01,94,299
Dominican Republic,wsj.com,International,2012-04-01,2023-12-01,67,112
Ecuador,aljazeera.com,International,2012-01-01,2025-03-01,137,574
Ecuador,bbc.com,International,2012-01-01,2025-01-01,150,1391
Ecuador,cnnespanol.cnn.com,Regional,2012-01-01,2025-02-01,154,3970
Ecuador,csmonitor.com,International,2012-01-01,2024-04-01,73,149
Ecuador,elcomercio.com,Local,2012-02-01,2024-12-01,128,105250
Ecuador,eldiario.ec,Local,2012-01-01,2025-01-01,157,206447
Ecuador,elnorte.ec,Local,2012-01-01,2025-03-01,156,60840
Ecuador,elpais.com,International,2015-03-01,2025-03-01,107,1152
Ecuador,eluniverso.com,Local,2012-01-01,2025-01-01,157,196379
Ecuador,france24.com,International,2012-01-01,2024-03-01,125,3052
Ecuador,lefigaro.fr,International,2012-01-01,2025-03-01,152,791
Ecuador,lemonde.fr,International,2012-01-01,2024-11-01,91,263
Ecuador,liberation.fr,International,2012-01-01,2025-02-01,113,488
Ecuador,metroecuador.com.ec,Local,2014-02-01,2025-01-01,126,53630
Ecuador,nytimes.com,International,2012-01-01,2023-08-01,112,319
Ecuador,reuters.com,International,2012-01-01,2023-11-01,143,3457
Ecuador,scmp.com,International,2012-01-01,2025-03-01,115,307
Ecuador,theguardian.com,International,2013-07-01,2025-02-01,107,443
Ecuador,themoscowtimes.com,International,2012-07-01,2024-02-01,18,27
Ecuador,washingtonpost.com,International,2012-01-01,2024-12-01,113,514
Ecuador,wsj.com,International,2012-01-01,2023-12-01,110,258
El Salvador,aljazeera.com,International,2012-01-01,2025-02-01,118,356
El Salvador,bbc.com,International,2012-03-01,2025-02-01,145,817
El Salvador,cnnespanol.cnn.com,Regional,2012-02-01,2024-12-01,147,1648
El Salvador,csmonitor.com,International,2012-01-01,2024-09-01,85,170
El Salvador,diario.elmundo.sv,Local,2012-03-01,2025-03-01,134,105236
El Salvador,diarioelsalvador.com,Local,2020-10-01,2025-02-01,53,68585
El Salvador,elfaro.net,Local,2012-01-01,2024-11-01,155,3903
El Salvador,elpais.com,International,2015-03-01,2025-03-01,107,547
El Salvador,elsalvador.com,Local,2012-07-01,2025-02-01,150,65617
El Salvador,france24.com,International,2012-05-01,2024-03-01,108,1498
El Salvador,gatoencerrado.news,Local,2014-09-01,2025-02-01,121,1741
El Salvador,laprensagrafica.com,Local,2012-01-01,2025-02-01,158,264824
El Salvador,lefigaro.fr,International,2012-04-01,2025-03-01,108,221
El Salvador,lemonde.fr,International,2013-06-01,2024-11-01,75,125
El Salvador,liberation.fr,International,2012-08-01,2025-02-01,58,132
El Salvador,nytimes.com,International,2012-01-01,2023-08-01,103,302
El Salvador,reuters.com,International,2012-02-01,2023-10-01,141,2268
El Salvador,revistafactum.com,Local,2014-10-01,2025-02-01,124,2707
El Salvador,scmp.com,International,2013-06-01,2025-03-01,74,122
El Salvador,theguardian.com,International,2014-02-01,2025-02-01,104,312
El Salvador,themoscowtimes.com,International,2012-01-01,2019-12-01,3,3
El Salvador,washingtonpost.com,International,2012-01-01,2024-09-01,131,836
El Salvador,wsj.com,International,2014-06-01,2023-11-01,82,200
Ethiopia,addisadmassnews.com,Local,2012-01-01,2025-01-01,157,3899
Ethiopia,addisfortune.news,Local,2018-09-01,2025-01-01,77,7190
Ethiopia,addisstandard.com,Local,2012-03-01,2025-01-01,154,5289
Ethiopia,africanews.com,Regional,2015-12-01,2025-03-01,108,6026
Ethiopia,aljazeera.com,International,2012-01-01,2025-03-01,158,1683
Ethiopia,bbc.com,International,2012-01-01,2025-03-01,153,2058
Ethiopia,capitalethiopia.com,Local,2012-01-01,2025-03-01,151,10223
Ethiopia,csmonitor.com,International,2012-01-01,2025-01-01,100,226
Ethiopia,elpais.com,International,2015-03-01,2025-02-01,84,228
Ethiopia,ethiopianmonitor.com,Local,2019-02-01,2025-01-01,71,6830
Ethiopia,france24.com,International,2012-01-01,2024-03-01,142,2948
Ethiopia,lefigaro.fr,International,2012-01-01,2025-03-01,141,718
Ethiopia,lemonde.fr,International,2013-01-01,2025-02-01,127,779
Ethiopia,liberation.fr,International,2012-01-01,2024-12-01,117,441
Ethiopia,nytimes.com,International,2012-01-01,2023-08-01,117,451
Ethiopia,reuters.com,International,2012-01-01,2023-11-01,143,5481
Ethiopia,scmp.com,International,2012-01-01,2025-03-01,114,346
Ethiopia,theeastafrican.co.ke,Regional,2012-01-01,2024-11-01,155,2805
Ethiopia,theguardian.com,International,2012-02-01,2025-02-01,125,777
Ethiopia,themoscowtimes.com,International,2012-01-01,2024-10-01,18,30
Ethiopia,thereporterethiopia.com,Local,2015-09-01,2025-01-01,110,9675
Ethiopia,washingtonpost.com,International,2012-02-01,2024-11-01,129,1193
Ethiopia,wsj.com,International,2012-05-01,2023-09-01,95,258
Georgia,aljazeera.com,International,2012-02-01,2025-03-01,123,472
Georgia,ambebi.ge,Local,2012-01-01,2025-04-01,160,115669
Georgia,balkaninsight.com,Regional,2012-08-01,2025-04-01,59,79
Georgia,bbc.com,International,2012-02-01,2025-02-01,157,2025
Georgia,csmonitor.com,International,2012-02-01,2025-01-01,101,221
Georgia,elpais.com,International,2017-01-01,2025-03-01,71,191
Georgia,euronews.com,Regional,2012-02-01,2025-02-01,155,2656
Georgia,france24.com,International,2012-02-01,2024-03-01,124,1288
Georgia,georgiatoday.ge,Local,2015-05-01,2025-03-01,119,18118
Georgia,iwpr.net,Regional,2012-01-01,2024-05-01,120,356
Georgia,lefigaro.fr,International,2012-01-01,2025-03-01,150,811
Georgia,lemonde.fr,International,2012-02-01,2025-03-01,111,388
Georgia,liberation.fr,International,2012-02-01,2025-03-01,108,414
Georgia,neweasterneurope.eu,Regional,2012-01-01,2025-02-01,108,283
Georgia,nytimes.com,International,2012-01-01,2023-08-01,138,1232
Georgia,reuters.com,International,2012-01-01,2023-11-01,143,3928
Georgia,scmp.com,International,2012-01-01,2025-03-01,106,233
Georgia,theguardian.com,International,2012-06-01,2025-02-01,122,1018
Georgia,themoscowtimes.com,International,2012-01-01,2025-03-01,144,850
Georgia,washingtonpost.com,International,2012-01-01,2024-12-01,150,2692
Georgia,wsj.com,International,2012-01-01,2023-12-01,125,656
Ghana,africanews.com,Regional,2015-12-01,2025-03-01,109,2858
Ghana,aljazeera.com,International,2012-01-01,2025-01-01,126,453
Ghana,bbc.com,International,2012-02-01,2025-03-01,156,1613
Ghana,csmonitor.com,International,2012-01-01,2025-02-01,61,88
Ghana,dailyguidenetwork.com,Local,2013-01-01,2025-01-01,116,80746
Ghana,elpais.com,International,2017-03-01,2025-03-01,59,118
Ghana,france24.com,International,2012-01-01,2024-03-01,135,1239
Ghana,ghanaweb.com,Local,2012-01-01,2025-01-01,157,284349
Ghana,graphic.com.gh,Local,2012-09-01,2025-01-01,149,97231
Ghana,lefigaro.fr,International,2012-01-01,2025-01-01,112,235
Ghana,lemonde.fr,International,2012-07-01,2024-12-01,105,317
Ghana,liberation.fr,International,2012-07-01,2025-03-01,57,119
Ghana,newsghana.com.gh,Local,2012-01-01,2025-01-01,157,104667
Ghana,nytimes.com,International,2012-01-01,2023-08-01,109,217
Ghana,reuters.com,International,2012-01-01,2023-11-01,143,3751
Ghana,scmp.com,International,2012-02-01,2025-03-01,94,185
Ghana,theeastafrican.co.ke,Regional,2012-02-01,2024-11-01,141,519
Ghana,theguardian.com,International,2012-06-01,2025-02-01,117,444
Ghana,themoscowtimes.com,International,2012-02-01,2025-02-01,44,68
Ghana,washingtonpost.com,International,2012-03-01,2024-08-01,107,270
Ghana,wsj.com,International,2012-01-01,2023-09-01,79,132
Guatemala,aljazeera.com,International,2012-01-01,2025-02-01,141,602
Guatemala,bbc.com,International,2012-01-01,2025-03-01,143,832
Guatemala,cnnespanol.cnn.com,Regional,2012-01-01,2025-01-01,148,2313
Guatemala,csmonitor.com,International,2012-01-01,2024-09-01,89,199
Guatemala,elpais.com,International,2015-03-01,2025-03-01,112,985
Guatemala,france24.com,International,2012-01-01,2024-03-01,114,2011
Guatemala,lahora.gt,Local,2012-01-01,2025-02-01,146,71937
Guatemala,lefigaro.fr,International,2012-03-01,2025-03-01,121,357
Guatemala,lemonde.fr,International,2012-07-01,2024-10-01,87,198
Guatemala,liberation.fr,International,2012-01-01,2025-02-01,78,286
Guatemala,nytimes.com,International,2012-01-01,2023-08-01,114,427
Guatemala,prensalibre.com,Local,2012-01-01,2025-02-01,156,57042
Guatemala,republica.gt,Local,2013-08-01,2025-02-01,138,45333
Guatemala,reuters.com,International,2012-01-01,2023-10-01,142,2665
Guatemala,scmp.com,International,2012-03-01,2025-03-01,70,120
Guatemala,soy502.com,Local,2013-05-01,2025-02-01,138,89827
Guatemala,theguardian.com,International,2013-09-01,2025-02-01,115,400
Guatemala,themoscowtimes.com,International,2012-01-01,2021-07-01,11,14
Guatemala,washingtonpost.com,International,2012-03-01,2024-12-01,124,997
Guatemala,wsj.com,International,2012-01-01,2023-12-01,80,237
Honduras,aljazeera.com,International,2012-01-01,2025-02-01,120,410
Honduras,bbc.com,International,2012-02-01,2024-09-01,126,582
Honduras,cnnespanol.cnn.com,Regional,2012-01-01,2025-01-01,149,1555
Honduras,csmonitor.com,International,2012-01-01,2023-03-01,76,148
Honduras,elheraldo.hn,Local,2012-01-01,2025-02-01,158,117975
Honduras,elpais.com,International,2015-03-01,2025-03-01,98,390
Honduras,france24.com,International,2012-02-01,2024-03-01,104,1547
Honduras,laprensa.hn,Local,2012-01-01,2025-02-01,157,134869
Honduras,lefigaro.fr,International,2012-02-01,2025-02-01,101,279
Honduras,lemonde.fr,International,2012-02-01,2024-09-01,61,131
Honduras,liberation.fr,International,2012-02-01,2024-09-01,61,209
Honduras,nytimes.com,International,2012-01-01,2023-08-01,111,337
Honduras,proceso.hn,Local,2012-01-01,2025-02-01,158,141119
Honduras,reuters.com,International,2012-01-01,2023-11-01,142,2103
Honduras,scmp.com,International,2012-06-01,2025-03-01,64,113
Honduras,theguardian.com,International,2013-11-01,2025-02-01,111,347
Honduras,themoscowtimes.com,International,2013-04-01,2021-04-01,6,7
Honduras,tiempo.hn,Local,2015-01-01,2025-02-01,120,135237
Honduras,washingtonpost.com,International,2012-01-01,2024-09-01,110,701
Honduras,wsj.com,International,2012-06-01,2023-12-01,70,184
Hungary,168.hu,Local,2012-01-01,2025-03-01,159,121739
Hungary,24.hu,Local,2012-01-01,2025-04-01,160,267128
Hungary,aljazeera.com,International,2012-01-01,2025-01-01,136,606
Hungary,balkaninsight.com,Regional,2012-01-01,2025-04-01,156,1078
Hungary,bbc.com,International,2012-01-01,2025-03-01,151,1278
Hungary,csmonitor.com,International,2012-01-01,2024-05-01,73,129
Hungary,demokrata.hu,Local,2012-01-01,2025-04-01,159,78841
Hungary,elpais.com,International,2015-04-01,2025-03-01,86,289
Hungary,euronews.com,Regional,2012-01-01,2025-02-01,157,8156
Hungary,france24.com,International,2012-01-01,2024-03-01,133,2730
Hungary,hvg.hu,Local,2012-01-01,2025-04-01,160,195213
Hungary,index.hu,Local,2012-01-01,2025-03-01,154,128128
Hungary,iwpr.net,Regional,2012-09-01,2022-12-01,4,4
Hungary,lefigaro.fr,International,2012-01-01,2025-03-01,159,1483
Hungary,lemonde.fr,International,2012-02-01,2024-11-01,125,630
Hungary,liberation.fr,International,2012-01-01,2025-01-01,144,794
Hungary,neweasterneurope.eu,Regional,2012-03-01,2025-02-01,80,127
Hungary,nytimes.com,International,2012-01-01,2023-07-01,121,485
Hungary,reuters.com,International,2012-01-01,2023-11-01,143,9826
Hungary,scmp.com,International,2012-02-01,2025-03-01,115,279
Hungary,theguardian.com,International,2012-01-01,2025-02-01,117,766
Hungary,themoscowtimes.com,International,2012-01-01,2025-03-01,98,235
Hungary,washingtonpost.com,International,2012-01-01,2024-10-01,117,770
Hungary,wsj.com,International,2012-01-01,2023-11-01,107,335
India,aljazeera.com,International,2012-01-01,2025-03-01,159,9547
India,amarujala.com,Local,2012-03-01,2024-07-01,140,3923826
India,asia.nikkei.com,Regional,2015-12-01,2025-03-01,97,2952
India,asiatimes.com,Regional,2012-03-01,2025-01-01,130,6865
India,bbc.com,International,2012-01-01,2025-03-01,159,25526
India,csmonitor.com,International,2012-01-01,2025-01-01,154,1169
India,deccanherald.com,Local,2012-01-01,2025-06-01,160,763365
India,elpais.com,International,2015-02-01,2025-03-01,109,887
India,firstpost.com,Local,2016-01-01,2023-12-01,96,87849
India,france24.com,International,2012-01-01,2024-03-01,147,11880
India,hindustantimes.com,Local,2012-01-01,2025-03-01,159,1089396
India,indianexpress.com,Local,2012-01-01,2025-03-01,158,853117
India,indiatimes.com,Regional,2012-01-01,2022-08-01,128,39790
India,lefigaro.fr,International,2012-01-01,2025-03-01,159,4335
India,lemonde.fr,International,2012-01-01,2025-01-01,154,1760
India,liberation.fr,International,2012-01-01,2025-02-01,157,1994
India,nytimes.com,International,2012-01-01,2023-08-01,140,3892
India,reuters.com,International,2012-01-01,2023-11-01,143,110683
India,scmp.com,International,2012-01-01,2025-03-01,159,8851
India,theguardian.com,International,2012-01-01,2025-02-01,153,5194
India,thehindu.com,Local,2012-01-01,2025-03-01,159,1383191
India,themoscowtimes.com,International,2012-01-01,2025-02-01,138,663
India,washingtonpost.com,International,2012-01-01,2024-12-01,156,5798
India,wsj.com,International,2012-01-01,2024-12-01,145,4724
Indonesia,aljazeera.com,International,2012-01-01,2025-03-01,158,2235
Indonesia,asia.nikkei.com,Regional,2015-12-01,2025-03-01,88,1852
Indonesia,asiatimes.com,Regional,2012-04-01,2024-12-01,121,2202
Indonesia,bbc.com,International,2012-01-01,2025-03-01,155,3096
Indonesia,beritasatu.com,Local,2012-01-01,2025-04-01,160,274989
Indonesia,csmonitor.com,International,2012-01-01,2025-01-01,121,360
Indonesia,elpais.com,International,2015-08-01,2025-02-01,91,682
Indonesia,france24.com,International,2012-01-01,2024-03-01,146,3912
Indonesia,hariansib.com,Local,2014-01-01,2025-03-01,132,153527
Indonesia,indiatimes.com,Regional,2012-02-01,2022-06-01,108,359
Indonesia,jawapos.com,Local,2012-12-01,2025-04-01,143,606315
Indonesia,kompas.com,Local,2013-05-01,2024-12-01,140,650663
Indonesia,lefigaro.fr,International,2012-01-01,2025-03-01,159,2520
Indonesia,lemonde.fr,International,2012-08-01,2025-02-01,140,741
Indonesia,liberation.fr,International,2012-01-01,2025-03-01,150,1297
Indonesia,mediaindonesia.com,Local,2015-02-01,2025-04-01,123,449698
Indonesia,nytimes.com,International,2012-01-01,2023-08-01,137,1153
Indonesia,reuters.com,International,2012-01-01,2023-11-01,143,25968
Indonesia,scmp.com,International,2012-01-01,2025-03-01,159,5384
Indonesia,sindonews.com,Local,2012-01-01,2025-03-01,159,976731
Indonesia,theguardian.com,International,2012-07-01,2025-02-01,141,1894
Indonesia,thejakartapost.com,Local,2012-01-01,2025-04-01,160,59665
Indonesia,themoscowtimes.com,International,2012-01-01,2025-02-01,120,457
Indonesia,washingtonpost.com,International,2012-01-01,2024-10-01,151,3868
Indonesia,wsj.com,International,2012-01-01,2023-12-01,138,1544
Jamaica,aljazeera.com,International,2012-01-01,2024-11-01,91,198
Jamaica,bbc.com,International,2012-01-01,2025-03-01,150,1152
Jamaica,cnnespanol.cnn.com,Regional,2012-01-01,2024-11-01,104,256
Jamaica,csmonitor.com,International,2012-06-01,2024-08-01,53,81
Jamaica,elpais.com,International,2015-03-01,2024-08-01,53,118
Jamaica,france24.com,International,2012-03-01,2024-03-01,136,1360
Jamaica,jamaica-gleaner.com,Local,2012-01-01,2025-03-01,159,133815
Jamaica,jamaicaobserver.com,Local,2012-01-01,2025-03-01,159,184497
Jamaica,lefigaro.fr,International,2012-01-01,2025-02-01,151,765
Jamaica,lemonde.fr,International,2012-06-01,2024-12-01,109,268
Jamaica,liberation.fr,International,2012-01-01,2024-11-01,107,344
Jamaica,nytimes.com,International,2012-01-01,2023-08-01,119,419
Jamaica,reuters.com,International,2012-01-01,2023-10-01,142,2712
Jamaica,scmp.com,International,2012-01-01,2025-03-01,104,204
Jamaica,theguardian.com,International,2012-02-01,2025-02-01,136,1247
Jamaica,themoscowtimes.com,International,2012-01-01,2018-05-01,15,15
Jamaica,washingtonpost.com,International,2012-03-01,2024-11-01,133,533
Jamaica,wsj.com,International,2012-01-01,2023-12-01,100,256
Kazakhstan,aljazeera.com,International,2012-01-01,2025-03-01,131,465
Kazakhstan,balkaninsight.com,Regional,2012-01-01,2024-06-01,41,55
Kazakhstan,bbc.com,International,2012-01-01,2025-02-01,151,1087
Kazakhstan,caravan.kz,Local,2012-01-01,2025-03-01,159,175327
Kazakhstan,csmonitor.com,International,2012-01-01,2024-12-01,40,64
Kazakhstan,diapazon.kz,Local,2018-01-01,2025-03-01,87,40803
Kazakhstan,elpais.com,International,2016-03-01,2025-02-01,29,54
Kazakhstan,euronews.com,Regional,2012-01-01,2025-02-01,149,2058
Kazakhstan,france24.com,International,2012-01-01,2024-03-01,111,1300
Kazakhstan,iwpr.net,Regional,2012-01-01,2023-11-01,95,236
Kazakhstan,kaztag.kz,Local,2012-01-01,2023-06-01,136,107334
Kazakhstan,lefigaro.fr,International,2012-01-01,2025-02-01,142,581
Kazakhstan,lemonde.fr,International,2013-02-01,2024-12-01,84,196
Kazakhstan,liberation.fr,International,2012-01-01,2024-12-01,83,296
Kazakhstan,neweasterneurope.eu,Regional,2012-02-01,2025-02-01,38,46
Kazakhstan,nytimes.com,International,2012-01-01,2023-06-01,94,235
Kazakhstan,reuters.com,International,2012-01-01,2023-11-01,143,5960
Kazakhstan,rus.azattyq.org,Local,2012-01-01,2025-03-01,159,39875
Kazakhstan,scmp.com,International,2012-01-01,2025-03-01,124,366
Kazakhstan,theguardian.com,International,2013-04-01,2025-02-01,104,273
Kazakhstan,themoscowtimes.com,International,2012-01-01,2025-03-01,149,1050
Kazakhstan,washingtonpost.com,International,2012-03-01,2024-12-01,101,318
Kazakhstan,wsj.com,International,2012-03-01,2023-05-01,94,197
Kenya,africanews.com,Regional,2015-12-01,2025-03-01,109,6814
Kenya,aljazeera.com,International,2012-01-01,2025-03-01,159,1915
Kenya,bbc.com,International,2012-01-01,2025-03-01,158,3229
Kenya,citizen.digital,Local,2014-01-01,2025-04-01,136,70654
Kenya,csmonitor.com,International,2012-01-01,2025-01-01,126,499
Kenya,elpais.com,International,2015-04-01,2025-03-01,99,419
Kenya,france24.com,International,2012-01-01,2024-03-01,146,3018
Kenya,kbc.co.ke,Local,2015-10-01,2025-05-01,115,53695
Kenya,lefigaro.fr,International,2012-01-01,2025-03-01,153,947
Kenya,lemonde.fr,International,2012-02-01,2025-01-01,136,833
Kenya,liberation.fr,International,2012-01-01,2024-10-01,112,383
Kenya,nation.africa,Local,2012-01-01,2024-08-01,152,148218
Kenya,nytimes.com,International,2012-01-01,2023-08-01,136,825
Kenya,reuters.com,International,2012-01-01,2023-11-01,143,12000
Kenya,scmp.com,International,2012-01-01,2025-03-01,147,593
Kenya,theeastafrican.co.ke,Regional,2012-01-01,2024-11-01,155,12055
Kenya,theguardian.com,International,2012-01-01,2025-02-01,148,1172
Kenya,themoscowtimes.com,International,2012-02-01,2024-10-01,19,23
Kenya,washingtonpost.com,International,2012-02-01,2024-12-01,146,1126
Kenya,wsj.com,International,2012-01-01,2023-12-01,108,380
Kosovo,aljazeera.com,International,2012-01-01,2025-02-01,109,305
Kosovo,balkaninsight.com,Regional,2012-01-01,2025-04-01,160,11418
Kosovo,bbc.com,International,2012-03-01,2024-09-01,103,349
Kosovo,botasot.info,Local,2020-11-01,2025-04-01,54,188198
Kosovo,csmonitor.com,International,2012-05-01,2024-05-01,35,41
Kosovo,elpais.com,International,2015-11-01,2024-12-01,50,89
Kosovo,euronews.com,Regional,2012-01-01,2025-02-01,153,1927
Kosovo,france24.com,International,2012-01-01,2023-11-01,96,502
Kosovo,iwpr.net,Regional,2012-05-01,2020-10-01,10,21
Kosovo,kosova-sot.info,Local,2012-02-01,2025-04-01,130,195985
Kosovo,lefigaro.fr,International,2021-11-01,2025-02-01,30,96
Kosovo,lemonde.fr,International,2017-11-01,2024-02-01,21,51
Kosovo,liberation.fr,International,2017-12-01,2025-02-01,16,31
Kosovo,neweasterneurope.eu,Regional,2012-06-01,2025-02-01,39,50
Kosovo,nytimes.com,International,2012-01-01,2023-08-01,78,131
Kosovo,prishtinainsight.com,Local,2014-02-01,2025-04-01,132,3483
Kosovo,reuters.com,International,2012-02-01,2023-11-01,140,1465
Kosovo,scmp.com,International,2012-09-01,2025-03-01,36,44
Kosovo,theguardian.com,International,2013-11-01,2025-02-01,83,174
Kosovo,themoscowtimes.com,International,2012-03-01,2023-05-01,30,52
Kosovo,washingtonpost.com,International,2012-01-01,2024-02-01,84,398
Kosovo,wsj.com,International,2012-01-01,2022-11-01,40,51
Kyrgyzstan,24.kg,Local,2012-04-01,2025-06-01,142,147632
Kyrgyzstan,akipress.com,Local,2012-01-01,2025-04-01,160,71734
Kyrgyzstan,aljazeera.com,International,2012-01-01,2024-11-01,80,174
Kyrgyzstan,balkaninsight.com,Regional,2013-10-01,2024-05-01,14,16
Kyrgyzstan,bbc.com,International,2012-01-01,2024-11-01,114,438
Kyrgyzstan,csmonitor.com,International,2012-06-01,2024-07-01,16,17
Kyrgyzstan,elpais.com,International,2018-05-01,2025-02-01,10,11
Kyrgyzstan,euronews.com,Regional,2012-01-01,2024-12-01,98,381
Kyrgyzstan,france24.com,International,2013-04-01,2023-10-01,66,272
Kyrgyzstan,iwpr.net,Regional,2012-01-01,2024-01-01,112,272
Kyrgyzstan,kaktus.kg,Local,2020-11-01,2025-03-01,52,12046
Kyrgyzstan,kaktus.media,Local,2015-08-01,2025-04-01,117,137062
Kyrgyzstan,kloop.kg,Local,2012-01-01,2025-04-01,160,31315
Kyrgyzstan,lefigaro.fr,International,2012-01-01,2024-12-01,65,134
Kyrgyzstan,lemonde.fr,International,2013-05-01,2024-11-01,34,64
Kyrgyzstan,liberation.fr,International,2012-01-01,2024-01-01,35,75
Kyrgyzstan,neweasterneurope.eu,Regional,2012-11-01,2023-04-01,27,35
Kyrgyzstan,nytimes.com,International,2012-01-01,2023-05-01,53,78
Kyrgyzstan,reuters.com,International,2012-01-01,2023-10-01,137,1001
Kyrgyzstan,scmp.com,International,2012-06-01,2025-03-01,57,105
Kyrgyzstan,super.kg,Local,2012-10-01,2025-04-01,151,129548
Kyrgyzstan,theguardian.com,International,2012-02-01,2024-12-01,57,87
Kyrgyzstan,themoscowtimes.com,International,2012-01-01,2025-02-01,121,373
Kyrgyzstan,vb.kg,Local,2012-01-01,2025-04-01,157,155782
Kyrgyzstan,washingtonpost.com,International,2013-05-01,2024-10-01,50,100
Kyrgyzstan,wsj.com,International,2013-06-01,2022-04-01,32,51
Liberia,africanews.com,Regional,2015-12-01,2025-02-01,104,856
Liberia,aljazeera.com,International,2012-01-01,2024-12-01,100,407
Liberia,analystliberiaonline.com,Local,2018-11-01,2025-04-01,76,7262
Liberia,bbc.com,International,2012-01-01,2024-02-01,114,770
Liberia,csmonitor.com,International,2012-01-01,2024-08-01,49,129
Liberia,elpais.com,International,2015-04-01,2025-03-01,31,44
Liberia,france24.com,International,2012-01-01,2024-03-01,114,719
Liberia,frontpageafricaonline.com,Local,2014-09-01,2025-03-01,111,26870
Liberia,inquirernewspaper.com,Local,2019-07-01,2025-04-01,70,8187
Liberia,lefigaro.fr,International,2012-01-01,2025-02-01,85,331
Liberia,lemonde.fr,International,2012-05-01,2024-10-01,77,225
Liberia,liberation.fr,International,2012-04-01,2023-11-01,47,190
Liberia,liberianobserver.com,Local,2015-05-01,2025-04-01,88,13531
Liberia,nytimes.com,International,2012-01-01,2023-08-01,70,196
Liberia,reuters.com,International,2012-01-01,2023-11-01,139,2441
Liberia,scmp.com,International,2012-03-01,2025-03-01,46,103
Liberia,theeastafrican.co.ke,Regional,2012-07-01,2024-10-01,96,215
Liberia,theguardian.com,International,2012-08-01,2024-12-01,89,165
Liberia,themoscowtimes.com,International,2012-06-01,2022-10-01,15,17
Liberia,thenewdawnliberia.com,Local,2012-01-01,2025-04-01,160,22700
Liberia,thenewsnewspaper.online,Local,2019-08-01,2024-02-01,36,3840
Liberia,washingtonpost.com,International,2012-10-01,2024-11-01,104,469
Liberia,wsj.com,International,2012-04-01,2023-10-01,39,152
Macedonia,aljazeera.com,International,2012-01-01,2024-11-01,85,257
Macedonia,balkaninsight.com,Regional,2012-01-01,2025-04-01,160,4736
Macedonia,bbc.com,International,2012-03-01,2024-12-01,104,412
Macedonia,csmonitor.com,International,2012-07-01,2022-03-01,20,32
Macedonia,elpais.com,International,2015-09-01,2025-01-01,39,56
Macedonia,euronews.com,Regional,2012-02-01,2025-01-01,137,1886
Macedonia,france24.com,International,2012-02-01,2023-08-01,88,731
Macedonia,iwpr.net,Regional,2012-10-01,2024-04-01,5,5
Macedonia,koha.mk,Local,2013-11-01,2025-01-01,101,91556
Macedonia,lefigaro.fr,International,2012-01-01,2024-12-01,97,307
Macedonia,lemonde.fr,International,2013-07-01,2024-08-01,63,146
Macedonia,liberation.fr,International,2012-01-01,2025-01-01,63,226
Macedonia,makfax.com.mk,Local,2012-01-01,2024-12-01,156,137532
Macedonia,neweasterneurope.eu,Regional,2013-03-01,2025-01-01,31,39
Macedonia,novamakedonija.com.mk,Local,2018-02-01,2025-04-01,87,51736
Macedonia,nytimes.com,International,2012-01-01,2022-04-01,45,105
Macedonia,reuters.com,International,2012-01-01,2023-11-01,139,1430
Macedonia,scmp.com,International,2012-07-01,2025-03-01,42,67
Macedonia,skopjediem.com,Local,2018-05-01,2025-04-01,84,7100
Macedonia,slobodenpecat.mk,Local,2020-11-01,2023-06-01,32,14686
Macedonia,theguardian.com,International,2015-07-01,2024-11-01,57,119
Macedonia,themoscowtimes.com,International,2012-06-01,2024-12-01,35,42
Macedonia,washingtonpost.com,International,2012-07-01,2024-06-01,76,459
Macedonia,wsj.com,International,2015-06-01,2022-11-01,35,73
Malawi,africanews.com,Regional,2016-01-01,2025-02-01,102,1436
Malawi,aljazeera.com,International,2012-01-01,2025-02-01,98,258
Malawi,bbc.com,International,2012-04-01,2025-03-01,118,444
Malawi,csmonitor.com,International,2012-04-01,2024-12-01,30,40
Malawi,elpais.com,International,2015-06-01,2025-01-01,61,112
Malawi,faceofmalawi.com,Local,2012-01-01,2024-05-01,145,47161
Malawi,france24.com,International,2012-03-01,2024-03-01,86,311
Malawi,lefigaro.fr,International,2012-04-01,2025-02-01,71,123
Malawi,lemonde.fr,International,2015-01-01,2024-11-01,56,122
Malawi,liberation.fr,International,2012-01-01,2024-06-01,49,81
Malawi,malawivoice.com,Local,2017-04-01,2025-03-01,64,10760
Malawi,mwnation.com,Local,2012-01-01,2025-03-01,159,63279
Malawi,nyasatimes.com,Local,2012-01-01,2025-03-01,159,52762
Malawi,nytimes.com,International,2012-01-01,2023-05-01,39,55
Malawi,reuters.com,International,2012-01-01,2023-11-01,135,840
Malawi,scmp.com,International,2012-05-01,2024-06-01,31,35
Malawi,theeastafrican.co.ke,Regional,2012-02-01,2024-10-01,128,401
Malawi,theguardian.com,International,2013-11-01,2025-02-01,94,217
Malawi,themoscowtimes.com,International,2012-02-01,2022-11-01,4,4
Malawi,times.mw,Local,2015-01-01,2025-03-01,121,28379
Malawi,washingtonpost.com,International,2012-08-01,2024-09-01,65,141
Malawi,wsj.com,International,2012-11-01,2022-08-01,16,20
Malaysia,aljazeera.com,International,2012-01-01,2025-03-01,158,1733
Malaysia,asia.nikkei.com,Regional,2014-04-01,2025-03-01,93,1281
Malaysia,asiatimes.com,Regional,2013-10-01,2025-01-01,113,1578
Malaysia,bbc.com,International,2012-01-01,2025-03-01,154,2484
Malaysia,csmonitor.com,International,2012-01-01,2025-01-01,95,394
Malaysia,elpais.com,International,2016-05-01,2024-06-01,74,241
Malaysia,france24.com,International,2012-01-01,2024-03-01,139,2487
Malaysia,indiatimes.com,Regional,2012-01-01,2022-06-01,81,151
Malaysia,lefigaro.fr,International,2012-01-01,2025-03-01,154,1174
Malaysia,lemonde.fr,International,2012-11-01,2024-09-01,110,465
Malaysia,liberation.fr,International,2012-01-01,2025-02-01,115,643
Malaysia,malaymail.com,Local,2013-06-01,2025-04-01,143,204942
Malaysia,malaysiakini.com,Local,2012-01-01,2025-04-01,160,443825
Malaysia,nst.com.my,Local,2014-05-01,2023-09-01,113,144184
Malaysia,nytimes.com,International,2012-01-01,2023-08-01,137,1160
Malaysia,reuters.com,International,2012-01-01,2023-11-01,143,20924
Malaysia,scmp.com,International,2012-01-01,2025-03-01,158,6403
Malaysia,theguardian.com,International,2012-05-01,2025-02-01,132,792
Malaysia,themoscowtimes.com,International,2012-06-01,2025-03-01,60,155
Malaysia,thestar.com.my,Local,2012-10-01,2024-07-01,101,67445
Malaysia,thesun.my,Local,2012-01-01,2025-03-01,145,236021
Malaysia,utusan.com.my,Local,2019-02-01,2025-01-01,64,186195
Malaysia,washingtonpost.com,International,2012-01-01,2024-12-01,148,2610
Malaysia,wsj.com,International,2012-01-01,2023-11-01,137,1596
Mali,africanews.com,Regional,2016-01-01,2025-03-01,108,3320
Mali,aljazeera.com,International,2012-01-01,2025-02-01,151,1370
Mali,bbc.com,International,2012-01-01,2025-01-01,153,2153
Mali,csmonitor.com,International,2012-01-01,2024-12-01,65,176
Mali,elpais.com,International,2015-06-01,2025-03-01,89,271
Mali,france24.com,International,2012-01-01,2024-03-01,147,6544
Mali,lefigaro.fr,International,2012-01-01,2025-03-01,157,3745
Mali,lemonde.fr,International,2012-01-01,2025-01-01,149,1847
Mali,liberation.fr,International,2012-01-01,2025-02-01,156,1890
Mali,malijet.com,Local,2012-01-01,2025-03-01,159,61770
Mali,maliweb.net,Local,2012-01-01,2025-03-01,159,109260
Mali,news.abamako.com,Local,2012-01-01,2025-03-01,159,194279
Mali,nytimes.com,International,2012-01-01,2023-08-01,116,332
Mali,reuters.com,International,2012-01-01,2023-11-01,143,4246
Mali,scmp.com,International,2012-10-01,2025-03-01,98,230
Mali,theeastafrican.co.ke,Regional,2012-02-01,2024-10-01,114,372
Mali,theguardian.com,International,2012-05-01,2024-11-01,106,276
Mali,themoscowtimes.com,International,2012-04-01,2024-11-01,29,45
Mali,washingtonpost.com,International,2012-03-01,2024-10-01,121,590
Mali,wsj.com,International,2012-03-01,2023-01-01,64,129
Mauritania,africanews.com,Regional,2016-01-01,2025-02-01,105,1042
Mauritania,alakhbar.info,Local,2012-02-01,2025-01-01,108,36262
Mauritania,aljazeera.com,International,2012-02-01,2025-01-01,92,192
Mauritania,alwiam.info,Local,2018-05-01,2025-01-01,79,27533
Mauritania,bbc.com,International,2012-02-01,2024-12-01,115,339
Mauritania,csmonitor.com,International,2012-01-01,2024-06-01,21,23
Mauritania,elpais.com,International,2015-07-01,2025-03-01,50,82
Mauritania,france24.com,International,2012-01-01,2024-03-01,122,760
Mauritania,journaltahalil.com,Local,2012-01-01,2025-01-01,157,5919
Mauritania,lecalame.info,Local,2014-06-01,2025-01-01,128,13384
Mauritania,lefigaro.fr,International,2012-01-01,2025-01-01,112,283
Mauritania,lemonde.fr,International,2012-03-01,2024-08-01,95,246
Mauritania,liberation.fr,International,2012-02-01,2025-02-01,66,145
Mauritania,nytimes.com,International,2012-01-01,2023-08-01,41,58
Mauritania,reuters.com,International,2012-01-01,2023-10-01,134,777
Mauritania,saharamedias.net,Local,2012-01-01,2025-01-01,150,27930
Mauritania,scmp.com,International,2012-09-01,2025-03-01,20,22
Mauritania,theeastafrican.co.ke,Regional,2013-02-01,2024-06-01,39,66
Mauritania,theguardian.com,International,2014-01-01,2024-09-01,48,59
Mauritania,themoscowtimes.com,International,2013-03-01,2015-02-01,4,4
Mauritania,washingtonpost.com,International,2013-01-01,2024-08-01,47,90
Mauritania,wsj.com,International,2012-10-01,2023-11-01,24,25
Moldova,aljazeera.com,International,2012-03-01,2025-01-01,65,155
Moldova,balkaninsight.com,Regional,2012-01-01,2025-03-01,142,1037
Moldova,bbc.com,International,2012-01-01,2024-12-01,125,608
Moldova,csmonitor.com,International,2012-06-01,2024-11-01,16,21
Moldova,elpais.com,International,2018-06-01,2024-12-01,24,35
Moldova,euronews.com,Regional,2012-01-01,2025-02-01,127,1212
Moldova,france24.com,International,2012-08-01,2024-03-01,78,427
Moldova,ipn.md,Local,2012-01-01,2025-04-01,160,73747
Moldova,iwpr.net,Regional,2012-10-01,2024-05-01,43,69
Moldova,lefigaro.fr,International,2012-01-01,2025-03-01,90,271
Moldova,lemonde.fr,International,2012-04-01,2025-01-01,60,123
Moldova,liberation.fr,International,2012-05-01,2025-01-01,53,167
Moldova,neweasterneurope.eu,Regional,2012-01-01,2025-02-01,97,190
Moldova,nytimes.com,International,2012-01-01,2023-06-01,47,76
Moldova,publika.md,Local,2012-01-01,2023-09-01,141,134921
Moldova,reuters.com,International,2012-03-01,2023-11-01,132,997
Moldova,scmp.com,International,2012-04-01,2025-03-01,31,49
Moldova,theguardian.com,International,2014-04-01,2025-02-01,55,151
Moldova,themoscowtimes.com,International,2012-01-01,2025-03-01,106,341
Moldova,timpul.md,Local,2012-01-01,2025-04-01,160,88660
Moldova,tribuna.md,Local,2016-09-01,2023-09-01,85,43985
Moldova,unimedia.info,Local,2018-09-01,2025-04-01,79,69734
Moldova,voceabasarabiei.md,Local,2022-07-01,2025-04-01,34,19042
Moldova,washingtonpost.com,International,2013-04-01,2024-11-01,58,137
Moldova,wsj.com,International,2014-06-01,2023-12-01,31,48
Moldova,zdg.md,Local,2012-01-01,2025-04-01,160,63653
Morocco,africanews.com,Regional,2015-12-01,2025-03-01,109,3164
Morocco,aljazeera.com,International,2012-01-01,2025-02-01,151,888
Morocco,assabah.ma,Local,2012-01-01,2024-12-01,156,206470
Morocco,bbc.com,International,2012-02-01,2025-02-01,156,2248
Morocco,csmonitor.com,International,2012-02-01,2024-11-01,77,116
Morocco,elpais.com,International,2015-02-01,2025-03-01,114,957
Morocco,france24.com,International,2012-01-01,2024-03-01,147,6707
Morocco,leconomiste.com,Local,2012-01-01,2024-12-01,156,67230
Morocco,lefigaro.fr,International,2012-01-01,2025-03-01,159,2456
Morocco,lematin.ma,Local,2012-01-01,2024-12-01,156,89811
Morocco,lemonde.fr,International,2012-02-01,2025-02-01,143,1725
Morocco,liberation.fr,International,2012-01-01,2025-03-01,155,1220
Morocco,nytimes.com,International,2012-01-01,2023-08-01,120,353
Morocco,reuters.com,International,2012-01-01,2023-11-01,143,4309
Morocco,scmp.com,International,2012-01-01,2025-03-01,101,221
Morocco,theeastafrican.co.ke,Regional,2012-05-01,2024-10-01,99,231
Morocco,theguardian.com,International,2012-08-01,2025-02-01,122,513
Morocco,themoscowtimes.com,International,2012-06-01,2021-06-01,27,37
Morocco,washingtonpost.com,International,2012-02-01,2024-08-01,125,617
Morocco,wsj.com,International,2012-03-01,2023-12-01,105,277
Mozambique,africanews.com,Regional,2015-12-01,2025-03-01,109,2163
Mozambique,aljazeera.com,International,2012-01-01,2025-03-01,134,514
Mozambique,bbc.com,International,2012-01-01,2024-12-01,146,841
Mozambique,canal.co.mz,Local,2017-12-01,2025-03-01,71,3869
Mozambique,cartamz.com,Local,2018-07-01,2025-03-01,81,12894
Mozambique,clubofmozambique.com,Local,2015-12-01,2025-03-01,112,31360
Mozambique,correiodabeiraserra.com,Local,2012-01-01,2025-03-01,148,5040
Mozambique,csmonitor.com,International,2012-01-01,2025-01-01,59,88
Mozambique,elpais.com,International,2015-04-01,2025-03-01,83,200
Mozambique,france24.com,International,2012-01-01,2024-03-01,131,872
Mozambique,jornaldomingo.co.mz,Local,2012-11-01,2025-03-01,122,13999
Mozambique,lefigaro.fr,International,2012-01-01,2025-02-01,123,432
Mozambique,lemonde.fr,International,2012-07-01,2025-03-01,113,360
Mozambique,liberation.fr,International,2013-01-01,2025-01-01,80,219
Mozambique,mmo.co.mz,Local,2012-05-01,2025-04-01,152,19263
Mozambique,nytimes.com,International,2012-01-01,2023-07-01,94,212
Mozambique,portalmoznews.com,Local,2016-03-01,2023-07-01,73,3420
Mozambique,reuters.com,International,2012-01-01,2023-11-01,143,3608
Mozambique,scmp.com,International,2012-02-01,2025-03-01,80,116
Mozambique,theeastafrican.co.ke,Regional,2012-01-01,2024-11-01,155,2558
Mozambique,theguardian.com,International,2012-06-01,2025-02-01,122,413
Mozambique,themoscowtimes.com,International,2012-08-01,2024-10-01,27,38
Mozambique,tvm.co.mz,Local,2016-05-01,2024-10-01,102,7367
Mozambique,verdade.co.mz,Local,2012-01-01,2025-03-01,159,31785
Mozambique,washingtonpost.com,International,2013-01-01,2024-11-01,100,342
Mozambique,wsj.com,International,2012-01-01,2023-09-01,91,214
Namibia,africanews.com,Regional,2016-02-01,2025-03-01,98,774
Namibia,aljazeera.com,International,2012-05-01,2025-02-01,70,115
Namibia,bbc.com,International,2012-04-01,2024-12-01,103,263
Namibia,confidentenamibia.com,Local,2020-07-01,2024-03-01,41,1124
Namibia,csmonitor.com,International,2013-09-01,2024-12-01,27,30
Namibia,elpais.com,International,2015-07-01,2025-03-01,34,50
Namibia,france24.com,International,2012-11-01,2024-02-01,79,375
Namibia,informante.web.na,Local,2018-10-01,2025-04-01,79,16531
Namibia,lefigaro.fr,International,2012-04-01,2024-12-01,76,106
Namibia,lemonde.fr,International,2013-04-01,2024-10-01,61,88
Namibia,liberation.fr,International,2012-01-01,2025-02-01,37,74
Namibia,namibian.com.na,Local,2013-04-01,2025-04-01,143,67303
Namibia,nytimes.com,International,2012-07-01,2023-08-01,39,56
Namibia,observer24.com.na,Local,2019-11-01,2025-01-01,60,8196
Namibia,reuters.com,International,2012-02-01,2023-11-01,137,884
Namibia,scmp.com,International,2012-01-01,2025-03-01,34,46
Namibia,theeastafrican.co.ke,Regional,2012-07-01,2024-11-01,100,202
Namibia,theguardian.com,International,2012-03-01,2025-02-01,68,109
Namibia,themoscowtimes.com,International,2013-06-01,2021-12-01,12,12
Namibia,thevillager.com.na,Local,2013-03-01,2025-04-01,72,4701
Namibia,washingtonpost.com,International,2013-08-01,2024-08-01,53,75
Namibia,wsj.com,International,2012-02-01,2023-02-01,24,31
Nepal,aljazeera.com,International,2012-02-01,2025-03-01,154,853
Nepal,asia.nikkei.com,Regional,2016-06-01,2025-01-01,51,227
Nepal,asiatimes.com,Regional,2014-10-01,2024-08-01,88,309
Nepal,bbc.com,International,2012-01-01,2025-01-01,152,1522
Nepal,csmonitor.com,International,2012-03-01,2024-11-01,67,137
Nepal,elpais.com,International,2015-04-01,2025-02-01,51,87
Nepal,en.setopati.com,Local,2017-10-01,2025-01-01,44,1749
Nepal,english.onlinekhabar.com,Local,2014-06-01,2025-01-01,112,7524
Nepal,france24.com,International,2012-03-01,2024-03-01,111,839
Nepal,indiatimes.com,Regional,2012-01-01,2022-06-01,96,299
Nepal,kathmandupost.com,Local,2014-01-01,2025-01-01,133,56697
Nepal,lefigaro.fr,International,2012-02-01,2025-02-01,110,385
Nepal,lemonde.fr,International,2012-01-01,2025-03-01,51,105
Nepal,liberation.fr,International,2012-02-01,2025-02-01,84,203
Nepal,nepalitimes.com,Local,2018-02-01,2025-01-01,84,1354
Nepal,nytimes.com,International,2012-01-01,2023-08-01,122,388
Nepal,onlinekhabar.com,Local,2013-08-01,2025-01-01,134,134785
Nepal,reuters.com,International,2012-01-01,2023-11-01,143,2191
Nepal,scmp.com,International,2012-02-01,2025-03-01,154,837
Nepal,theguardian.com,International,2013-03-01,2025-02-01,123,466
Nepal,thehimalayantimes.com,Local,2014-05-01,2024-12-01,123,100628
Nepal,themoscowtimes.com,International,2012-09-01,2025-01-01,44,78
Nepal,washingtonpost.com,International,2012-01-01,2024-11-01,120,419
Nepal,wsj.com,International,2012-04-01,2023-01-01,82,196
Nicaragua,aljazeera.com,International,2012-01-01,2025-02-01,105,370
Nicaragua,articulo66.com,Local,2017-10-01,2025-02-01,89,21179
Nicaragua,bbc.com,International,2012-01-01,2025-02-01,134,624
Nicaragua,canal2tv.com,Local,2020-06-01,2025-02-01,57,13515
Nicaragua,cnnespanol.cnn.com,Regional,2012-01-01,2024-11-01,142,2241
Nicaragua,confidencial.com.ni,Local,2014-11-01,2025-02-01,119,15021
Nicaragua,csmonitor.com,International,2012-01-01,2023-10-01,67,90
Nicaragua,elpais.com,International,2015-02-01,2025-03-01,103,954
Nicaragua,france24.com,International,2012-01-01,2024-03-01,102,2038
Nicaragua,lajornadanet.com,Local,2016-07-01,2025-02-01,104,8875
Nicaragua,laprensani.com,Local,2012-01-01,2025-02-01,158,117684
Nicaragua,laverdadnica.com,Local,2012-01-01,2025-02-01,154,3942
Nicaragua,lefigaro.fr,International,2012-01-01,2025-01-01,98,316
Nicaragua,lemonde.fr,International,2012-01-01,2024-11-01,68,180
Nicaragua,liberation.fr,International,2012-01-01,2025-01-01,69,326
Nicaragua,nuevaya.com.ni,Local,2012-02-01,2025-02-01,147,38766
Nicaragua,nytimes.com,International,2012-01-01,2023-08-01,92,190
Nicaragua,ondalocalni.com,Local,2013-09-01,2025-02-01,134,2572
Nicaragua,reuters.com,International,2012-01-01,2023-11-01,139,1215
Nicaragua,scmp.com,International,2012-03-01,2025-03-01,52,116
Nicaragua,theguardian.com,International,2014-04-01,2025-02-01,88,229
Nicaragua,themoscowtimes.com,International,2012-01-01,2024-01-01,30,42
Nicaragua,washingtonpost.com,International,2012-01-01,2024-10-01,97,426
Nicaragua,wsj.com,International,2012-07-01,2023-12-01,65,126
Niger,actuniger.com,Local,2013-08-01,2025-01-01,129,6739
Niger,africanews.com,Regional,2016-01-01,2025-03-01,108,2132
Niger,airinfoagadez.com,Local,2016-09-01,2025-01-01,89,1394
Niger,aljazeera.com,International,2012-01-01,2025-01-01,150,754
Niger,bbc.com,International,2012-01-01,2025-03-01,146,1074
Niger,csmonitor.com,International,2012-01-01,2024-12-01,51,79
Niger,elpais.com,International,2017-01-01,2025-03-01,63,143
Niger,france24.com,International,2012-01-01,2024-03-01,145,2557
Niger,journalduniger.com,Local,2019-04-01,2025-01-01,63,4196
Niger,lefigaro.fr,International,2012-01-01,2025-03-01,159,1166
Niger,lemonde.fr,International,2012-01-01,2025-01-01,134,821
Niger,lesahel.org,Local,2018-07-01,2025-01-01,75,14113
Niger,liberation.fr,International,2012-02-01,2025-01-01,125,514
Niger,nigerexpress.info,Local,2012-01-01,2025-01-01,142,1620
Niger,nigerinter.com,Local,2014-10-01,2025-01-01,124,5425
Niger,nytimes.com,International,2012-02-01,2023-08-01,88,207
Niger,reuters.com,International,2012-01-01,2023-12-01,144,2485
Niger,scmp.com,International,2012-02-01,2025-03-01,58,119
Niger,tamtaminfo.com,Local,2012-01-01,2024-01-01,129,4524
Niger,theeastafrican.co.ke,Regional,2012-09-01,2024-10-01,92,295
Niger,theguardian.com,International,2012-06-01,2024-12-01,99,281
Niger,themoscowtimes.com,International,2012-03-01,2024-11-01,15,17
Niger,washingtonpost.com,International,2012-01-01,2024-08-01,104,362
Niger,wsj.com,International,2012-03-01,2023-10-01,54,104
Nigeria,africanews.com,Regional,2015-12-01,2025-03-01,109,8423
Nigeria,aljazeera.com,International,2012-01-01,2025-03-01,159,2862
Nigeria,bbc.com,International,2012-01-01,2025-02-01,158,10116
Nigeria,csmonitor.com,International,2012-01-01,2024-12-01,117,505
Nigeria,elpais.com,International,2015-03-01,2025-03-01,97,352
Nigeria,france24.com,International,2012-01-01,2024-03-01,147,4992
Nigeria,guardian.ng,Local,2013-12-01,2025-02-01,125,293706
Nigeria,lefigaro.fr,International,2012-01-01,2025-01-01,157,2550
Nigeria,lemonde.fr,International,2012-03-01,2024-11-01,139,1285
Nigeria,liberation.fr,International,2012-01-01,2025-02-01,140,1013
Nigeria,nytimes.com,International,2012-01-01,2023-08-01,137,794
Nigeria,reuters.com,International,2012-01-01,2023-11-01,143,15072
Nigeria,scmp.com,International,2012-01-01,2025-03-01,141,599
Nigeria,theeastafrican.co.ke,Regional,2012-01-01,2024-11-01,149,1593
Nigeria,theguardian.com,International,2012-02-01,2025-02-01,139,1416
Nigeria,themoscowtimes.com,International,2012-02-01,2024-10-01,50,79
Nigeria,thenationonlineng.net,Local,2012-08-01,2025-02-01,151,281842
Nigeria,thenewsnigeria.com.ng,Local,2014-03-01,2025-02-01,132,82258
Nigeria,vanguardngr.com,Local,2012-01-01,2024-06-01,146,475826
Nigeria,washingtonpost.com,International,2012-01-01,2024-11-01,136,1411
Nigeria,wsj.com,International,2012-01-01,2023-12-01,126,715
Pakistan,aljazeera.com,International,2012-01-01,2025-03-01,159,5784
Pakistan,asia.nikkei.com,Regional,2016-01-01,2025-03-01,89,609
Pakistan,asiatimes.com,Regional,2012-03-01,2025-01-01,121,2209
Pakistan,bbc.com,International,2012-01-01,2025-03-01,157,8575
Pakistan,csmonitor.com,International,2012-01-01,2025-02-01,136,819
Pakistan,dailytimes.com.pk,Local,2012-02-01,2025-03-01,154,212706
Pakistan,elpais.com,International,2015-04-01,2025-03-01,84,253
Pakistan,france24.com,International,2012-01-01,2024-03-01,147,6761
Pakistan,indiatimes.com,Regional,2012-01-01,2022-06-01,126,2743
Pakistan,jang.com.pk,Local,2012-01-01,2025-03-01,112,1017240
Pakistan,lefigaro.fr,International,2012-01-01,2025-03-01,159,2639
Pakistan,lemonde.fr,International,2012-01-01,2024-11-01,142,700
Pakistan,liberation.fr,International,2012-01-01,2025-03-01,149,1439
Pakistan,nation.com.pk,Local,2012-01-01,2025-03-01,159,240882
Pakistan,nytimes.com,International,2012-01-01,2023-08-01,140,1802
Pakistan,pakobserver.net,Local,2019-05-01,2025-03-01,71,170452
Pakistan,reuters.com,International,2012-01-01,2023-11-01,143,13829
Pakistan,scmp.com,International,2012-01-01,2025-03-01,158,2735
Pakistan,theguardian.com,International,2012-02-01,2025-02-01,147,1871
Pakistan,themoscowtimes.com,International,2012-01-01,2024-10-01,78,145
Pakistan,tribune.com.pk,Local,2012-01-01,2025-03-01,156,309041
Pakistan,washingtonpost.com,International,2012-01-01,2024-12-01,156,3259
Pakistan,wsj.com,International,2012-01-01,2023-12-01,136,1210
Panama,aljazeera.com,International,2012-01-01,2025-03-01,118,290
Panama,bbc.com,International,2012-01-01,2025-03-01,137,1087
Panama,cnnespanol.cnn.com,Regional,2012-01-01,2024-12-01,142,1313
Panama,critica.com.pa,Local,2012-01-01,2025-04-01,160,83371
Panama,csmonitor.com,International,2012-03-01,2024-12-01,43,81
Panama,elpais.com,International,2015-03-01,2025-03-01,99,406
Panama,elsiglo.com.pa,Local,2012-01-01,2025-02-01,152,120446
Panama,france24.com,International,2012-02-01,2024-03-01,122,1481
Panama,lefigaro.fr,International,2012-01-01,2025-03-01,140,666
Panama,lemonde.fr,International,2012-01-01,2024-12-01,83,294
Panama,liberation.fr,International,2012-01-01,2025-02-01,88,282
Panama,newsroompanama.com,Local,2012-01-01,2025-02-01,157,16680
Panama,nytimes.com,International,2012-01-01,2023-08-01,100,243
Panama,panamaamerica.com.pa,Local,2012-04-01,2025-03-01,51,65150
Panama,reuters.com,International,2012-01-01,2023-11-01,143,2877
Panama,scmp.com,International,2012-03-01,2025-03-01,86,342
Panama,theguardian.com,International,2012-09-01,2025-02-01,106,382
Panama,themoscowtimes.com,International,2012-07-01,2024-10-01,29,64
Panama,washingtonpost.com,International,2012-02-01,2024-12-01,102,401
Panama,wsj.com,International,2012-02-01,2023-11-01,85,196
Paraguay,abc.com.py,Local,2012-01-01,2025-03-01,159,117689
Paraguay,aljazeera.com,International,2012-04-01,2024-12-01,82,147
Paraguay,bbc.com,International,2012-02-01,2024-12-01,112,368
Paraguay,cnnespanol.cnn.com,Regional,2012-01-01,2024-11-01,131,880
Paraguay,csmonitor.com,International,2012-02-01,2023-08-01,35,51
Paraguay,elpais.com,International,2015-07-01,2025-03-01,90,295
Paraguay,france24.com,International,2012-03-01,2024-03-01,93,926
Paraguay,lanacion.com.py,Local,2014-10-01,2025-03-01,126,100120
Paraguay,lefigaro.fr,International,2012-01-01,2025-03-01,91,194
Paraguay,lemonde.fr,International,2012-06-01,2024-11-01,36,65
Paraguay,liberation.fr,International,2012-06-01,2025-01-01,38,84
Paraguay,nytimes.com,International,2012-01-01,2023-08-01,100,201
Paraguay,reuters.com,International,2012-01-01,2023-11-01,143,1348
Paraguay,scmp.com,International,2012-02-01,2025-03-01,45,62
Paraguay,theguardian.com,International,2012-06-01,2024-12-01,83,138
Paraguay,themoscowtimes.com,International,2012-09-01,2020-06-01,6,7
Paraguay,ultimahora.com,Local,2012-01-01,2025-03-01,159,215970
Paraguay,washingtonpost.com,International,2012-01-01,2024-12-01,107,488
Paraguay,wsj.com,International,2012-01-01,2023-11-01,102,226
Peru,aljazeera.com,International,2012-01-01,2024-11-01,145,760
Peru,bbc.com,International,2012-01-01,2025-03-01,158,2016
Peru,cnnespanol.cnn.com,Regional,2012-01-01,2025-01-01,157,3822
Peru,csmonitor.com,International,2012-01-01,2025-01-01,86,150
Peru,elcomercio.pe,Local,2012-01-01,2025-05-01,161,354310
Peru,elpais.com,International,2015-03-01,2025-03-01,115,1796
Peru,france24.com,International,2012-01-01,2024-03-01,135,4836
Peru,gestion.pe,Local,2013-01-01,2025-02-01,146,201723
Peru,idl-reporteros.pe,Local,2012-01-01,2025-04-01,160,1368
Peru,larepublica.pe,Local,2019-06-01,2023-08-01,51,22735
Peru,lefigaro.fr,International,2012-01-01,2025-03-01,159,881
Peru,lemonde.fr,International,2012-01-01,2024-11-01,101,386
Peru,liberation.fr,International,2012-01-01,2025-03-01,118,548
Peru,nytimes.com,International,2012-01-01,2023-08-01,118,450
Peru,ojo-publico.com,Local,2014-12-01,2025-04-01,124,2538
Peru,reuters.com,International,2012-01-01,2023-11-01,143,8754
Peru,scmp.com,International,2012-01-01,2025-03-01,136,535
Peru,theguardian.com,International,2013-04-01,2025-02-01,124,772
Peru,themoscowtimes.com,International,2012-02-01,2024-12-01,29,43
Peru,washingtonpost.com,International,2012-03-01,2024-12-01,131,784
Peru,wsj.com,International,2012-01-01,2023-10-01,115,386
Philippines,aljazeera.com,International,2012-01-01,2025-03-01,159,2290
Philippines,asia.nikkei.com,Regional,2015-01-01,2025-03-01,85,1190
Philippines,asiatimes.com,Regional,2013-10-01,2025-01-01,120,2944
Philippines,bbc.com,International,2012-01-01,2025-03-01,156,3140
Philippines,csmonitor.com,International,2012-01-01,2025-01-01,120,481
Philippines,elpais.com,International,2015-04-01,2025-03-01,109,1769
Philippines,france24.com,International,2012-01-01,2024-03-01,141,3047
Philippines,indiatimes.com,Regional,2012-02-01,2022-05-01,78,149
Philippines,inquirer.net,Local,2012-01-01,2025-04-01,160,393801
Philippines,lefigaro.fr,International,2012-01-01,2025-03-01,159,1324
Philippines,lemonde.fr,International,2012-03-01,2024-11-01,124,492
Philippines,liberation.fr,International,2012-02-01,2025-03-01,137,751
Philippines,manilastandard.net,Local,2012-01-01,2024-12-01,147,153720
Philippines,manilatimes.net,Local,2012-03-01,2025-04-01,154,144841
Philippines,mb.com.ph,Local,2013-07-01,2023-09-01,105,208292
Philippines,nytimes.com,International,2012-01-01,2023-08-01,140,1603
Philippines,reuters.com,International,2012-01-01,2023-11-01,143,14595
Philippines,scmp.com,International,2012-01-01,2025-03-01,159,6185
Philippines,theguardian.com,International,2012-02-01,2025-02-01,138,1368
Philippines,themoscowtimes.com,International,2012-02-01,2025-02-01,47,62
Philippines,washingtonpost.com,International,2012-01-01,2024-12-01,151,2595
Philippines,wsj.com,International,2012-01-01,2023-12-01,135,1519
Rwanda,africanews.com,Regional,2015-12-01,2025-03-01,109,3355
Rwanda,aljazeera.com,International,2012-01-01,2025-03-01,156,771
Rwanda,bbc.com,International,2012-01-01,2025-03-01,148,896
Rwanda,csmonitor.com,International,2012-01-01,2025-01-01,74,131
Rwanda,elpais.com,International,2015-05-01,2025-03-01,61,124
Rwanda,france24.com,International,2012-01-01,2024-03-01,144,1683
Rwanda,kigalitoday.com,Local,2012-01-01,2025-01-01,157,27106
Rwanda,lefigaro.fr,International,2012-01-01,2025-03-01,139,558
Rwanda,lemonde.fr,International,2012-01-01,2024-11-01,124,557
Rwanda,liberation.fr,International,2012-01-01,2025-03-01,113,403
Rwanda,newtimes.co.rw,Local,2012-01-01,2025-01-01,157,79780
Rwanda,nytimes.com,International,2012-01-01,2023-08-01,93,214
Rwanda,reuters.com,International,2012-01-01,2023-11-01,142,2392
Rwanda,scmp.com,International,2012-03-01,2025-03-01,72,154
Rwanda,theeastafrican.co.ke,Regional,2012-01-01,2024-11-01,155,6652
Rwanda,theguardian.com,International,2013-03-01,2025-02-01,113,903
Rwanda,themoscowtimes.com,International,2012-05-01,2024-11-01,15,18
Rwanda,therwandan.com,Local,2012-07-01,2024-07-01,145,6166
Rwanda,umuseke.rw,Local,2020-01-01,2025-01-01,56,8802
Rwanda,washingtonpost.com,International,2012-04-01,2024-08-01,109,368
Rwanda,wsj.com,International,2012-01-01,2023-12-01,64,101
Senegal,africanews.com,Regional,2015-12-01,2025-03-01,109,3472
Senegal,aljazeera.com,International,2012-01-01,2025-02-01,140,640
Senegal,bbc.com,International,2012-01-01,2025-03-01,157,1879
Senegal,csmonitor.com,International,2012-01-01,2024-11-01,53,88
Senegal,elpais.com,International,2015-03-01,2025-03-01,89,349
Senegal,enqueteplus.com,Local,2012-01-01,2025-04-01,160,43176
Senegal,ferloo.com,Local,2013-02-01,2023-04-01,103,20482
Senegal,france24.com,International,2012-01-01,2024-03-01,147,4094
Senegal,lasnews.sn,Local,2021-08-01,2025-04-01,45,7006
Senegal,lefigaro.fr,International,2012-01-01,2025-02-01,154,938
Senegal,lemonde.fr,International,2012-02-01,2025-02-01,144,1583
Senegal,lesoleil.sn,Local,2017-07-01,2025-04-01,72,20035
Senegal,liberation.fr,International,2012-01-01,2025-02-01,139,768
Senegal,nouvelobs.com,Local,2015-07-01,2025-04-01,79,9908
Senegal,nytimes.com,International,2012-01-01,2023-08-01,119,346
Senegal,reuters.com,International,2012-01-01,2023-11-01,143,3240
Senegal,scmp.com,International,2012-09-01,2025-03-01,65,107
Senegal,sudquotidien.sn,Local,2021-08-01,2025-04-01,45,19431
Senegal,theeastafrican.co.ke,Regional,2012-05-01,2024-10-01,116,365
Senegal,theguardian.com,International,2014-01-01,2025-02-01,98,235
Senegal,themoscowtimes.com,International,2013-03-01,2023-06-01,16,23
Senegal,washingtonpost.com,International,2012-02-01,2024-12-01,93,318
Senegal,wsj.com,International,2012-03-01,2023-12-01,56,70
Senegal,xalimasn.com,Local,2012-01-01,2024-11-01,155,103492
Serbia,aljazeera.com,International,2012-01-01,2025-03-01,142,652
Serbia,balkaninsight.com,Regional,2012-01-01,2025-04-01,160,11456
Serbia,bbc.com,International,2012-01-01,2025-03-01,158,2839
Serbia,csmonitor.com,International,2012-05-01,2024-05-01,75,152
Serbia,danas.rs,Local,2012-01-01,2024-12-01,156,275209
Serbia,elpais.com,International,2015-02-01,2025-03-01,78,233
Serbia,euronews.com,Regional,2012-01-01,2025-02-01,157,4440
Serbia,france24.com,International,2012-01-01,2024-03-01,144,2503
Serbia,insajder.net,Local,2012-02-01,2024-12-01,114,20613
Serbia,iwpr.net,Regional,2012-01-01,2024-05-01,33,83
Serbia,juznevesti.com,Local,2012-01-01,2024-12-01,156,42265
Serbia,lefigaro.fr,International,2012-01-01,2025-03-01,155,978
Serbia,lemonde.fr,International,2012-01-01,2024-12-01,127,436
Serbia,liberation.fr,International,2012-01-01,2025-03-01,134,689
Serbia,neweasterneurope.eu,Regional,2012-05-01,2025-02-01,57,96
Serbia,nytimes.com,International,2012-01-01,2023-08-01,137,887
Serbia,reuters.com,International,2012-01-01,2023-11-01,143,5530
Serbia,rs.n1info.com,Local,2014-09-01,2024-12-01,124,165755
Serbia,scmp.com,International,2012-01-01,2025-03-01,134,443
Serbia,theguardian.com,International,2012-06-01,2025-02-01,125,603
Serbia,themoscowtimes.com,International,2012-01-01,2025-02-01,97,220
Serbia,washingtonpost.com,International,2012-02-01,2024-09-01,131,965
Serbia,wsj.com,International,2012-01-01,2023-12-01,133,788
Solomon Islands,aljazeera.com,International,2012-03-01,2025-01-01,114,296
Solomon Islands,asia.nikkei.com,Regional,2015-06-01,2025-03-01,50,96
Solomon Islands,asiatimes.com,Regional,2016-03-01,2024-09-01,53,97
Solomon Islands,bbc.com,International,2012-01-01,2024-12-01,95,207
Solomon Islands,csmonitor.com,International,2012-03-01,2025-01-01,35,42
Solomon Islands,elpais.com,International,2018-05-01,2024-04-01,6,9
Solomon Islands,france24.com,International,2012-07-01,2024-01-01,75,280
Solomon Islands,indiatimes.com,Regional,2013-02-01,2022-04-01,9,10
Solomon Islands,lefigaro.fr,International,2012-01-01,2024-05-01,51,96
Solomon Islands,lemonde.fr,International,2014-10-01,2024-09-01,20,31
Solomon Islands,liberation.fr,International,2012-09-01,2021-11-01,16,18
Solomon Islands,nytimes.com,International,2012-05-01,2023-08-01,65,111
Solomon Islands,reuters.com,International,2012-01-01,2023-11-01,142,1083
Solomon Islands,scmp.com,International,2012-05-01,2025-03-01,105,314
Solomon Islands,sibconline.com.sb,Local,2013-12-01,2024-12-01,128,8278
Solomon Islands,solomonstarnews.com,Local,2012-06-01,2025-01-01,145,12690
Solomon Islands,solomontimes.com,Local,2012-01-01,2025-02-01,146,4756
Solomon Islands,theguardian.com,International,2013-05-01,2025-02-01,102,382
Solomon Islands,themoscowtimes.com,International,2012-01-01,2023-08-01,17,19
Solomon Islands,washingtonpost.com,International,2013-06-01,2024-12-01,76,139
Solomon Islands,wsj.com,International,2012-09-01,2022-12-01,37,46
South Africa,africanews.com,Regional,2015-12-01,2025-03-01,109,8807
South Africa,aljazeera.com,International,2012-01-01,2025-03-01,159,2650
South Africa,bbc.com,International,2012-01-01,2025-03-01,159,5505
South Africa,csmonitor.com,International,2012-01-01,2024-12-01,133,475
South Africa,dailysun.co.za,Local,2012-08-01,2024-08-01,120,60237
South Africa,elpais.com,International,2015-02-01,2025-03-01,96,393
South Africa,france24.com,International,2012-01-01,2024-07-01,148,8784
South Africa,iol.co.za,Local,2012-01-01,2025-05-01,161,175745
South Africa,isolezwe.co.za,Local,2012-01-01,2025-03-01,159,20317
South Africa,lefigaro.fr,International,2012-01-01,2025-03-01,159,2065
South Africa,lemonde.fr,International,2012-05-01,2025-03-01,148,1437
South Africa,liberation.fr,International,2012-01-01,2025-03-01,149,1134
South Africa,news24.com,Local,2012-01-01,2025-01-01,157,113381
South Africa,nytimes.com,International,2012-01-01,2023-08-01,140,1260
South Africa,reuters.com,International,2012-01-01,2023-11-01,143,30270
South Africa,scmp.com,International,2012-01-01,2025-03-01,156,1347
South Africa,son.co.za,Local,2014-11-01,2025-01-01,123,37652
South Africa,sowetanlive.co.za,Local,2012-01-01,2025-04-01,160,106243
South Africa,theeastafrican.co.ke,Regional,2012-02-01,2024-11-01,154,2254
South Africa,theguardian.com,International,2012-02-01,2025-02-01,151,3177
South Africa,themoscowtimes.com,International,2012-02-01,2025-02-01,90,210
South Africa,timeslive.co.za,Local,2012-01-01,2025-04-01,159,129997
South Africa,washingtonpost.com,International,2012-01-01,2024-11-01,143,1725
South Africa,wsj.com,International,2012-01-01,2023-12-01,138,1011
South Sudan,africanews.com,Regional,2015-12-01,2025-03-01,109,2508
South Sudan,aljazeera.com,International,2012-01-01,2025-03-01,149,1177
South Sudan,bbc.com,International,2012-01-01,2025-03-01,136,1125
South Sudan,csmonitor.com,International,2012-01-01,2024-12-01,79,210
South Sudan,elpais.com,International,2015-03-01,2025-03-01,71,148
South Sudan,eyeradio.org,Local,2013-04-01,2025-01-01,142,21738
South Sudan,france24.com,International,2012-01-01,2024-03-01,136,1373
South Sudan,lefigaro.fr,International,2012-01-01,2025-03-01,140,617
South Sudan,lemonde.fr,International,2012-11-01,2025-02-01,112,339
South Sudan,liberation.fr,International,2012-01-01,2025-03-01,84,291
South Sudan,nytimes.com,International,2012-01-01,2023-07-01,92,255
South Sudan,onecitizendaily.com,Local,2020-02-01,2025-01-01,40,3527
South Sudan,paanluelwel.com,Local,2012-04-01,2024-12-01,109,2071
South Sudan,radiotamazuj.org,Local,2012-01-01,2025-01-01,157,44981
South Sudan,reuters.com,International,2012-01-01,2023-11-01,141,3717
South Sudan,scmp.com,International,2012-02-01,2025-03-01,86,189
South Sudan,sudantribune.com,Local,2012-01-01,2024-09-01,142,15683
South Sudan,theeastafrican.co.ke,Regional,2012-01-01,2024-11-01,155,3132
South Sudan,theguardian.com,International,2013-07-01,2025-02-01,113,356
South Sudan,themoscowtimes.com,International,2012-01-01,2024-10-01,13,16
South Sudan,washingtonpost.com,International,2012-01-01,2024-11-01,111,496
South Sudan,wsj.com,International,2012-02-01,2023-02-01,74,134
Sri Lanka,adaderana.lk,Local,2012-01-01,2025-01-01,151,55793
Sri Lanka,aljazeera.com,International,2012-01-01,2025-03-01,153,1184
Sri Lanka,asia.nikkei.com,Regional,2018-07-01,2025-03-01,68,371
Sri Lanka,asiatimes.com,Regional,2015-04-01,2024-09-01,99,406
Sri Lanka,bbc.com,International,2012-01-01,2024-12-01,146,1466
Sri Lanka,csmonitor.com,International,2012-06-01,2024-09-01,48,70
Sri Lanka,dailymirror.lk,Local,2012-01-01,2025-01-01,157,158570
Sri Lanka,divaina.lk,Local,2021-06-01,2024-12-01,43,35077
Sri Lanka,elpais.com,International,2016-01-01,2024-12-01,44,111
Sri Lanka,france24.com,International,2012-09-01,2023-12-01,108,1981
Sri Lanka,indiatimes.com,Regional,2012-02-01,2022-06-01,79,302
Sri Lanka,island.lk,Local,2020-07-01,2024-10-01,50,23231
Sri Lanka,lankadeepa.lk,Local,2012-01-01,2025-01-01,157,145567
Sri Lanka,lefigaro.fr,International,2012-01-01,2025-03-01,126,576
Sri Lanka,lemonde.fr,International,2015-01-01,2024-11-01,62,173
Sri Lanka,liberation.fr,International,2012-03-01,2024-11-01,70,309
Sri Lanka,nytimes.com,International,2012-02-01,2023-08-01,106,372
Sri Lanka,reuters.com,International,2012-01-01,2023-11-01,143,5792
Sri Lanka,scmp.com,International,2012-03-01,2025-03-01,152,891
Sri Lanka,theguardian.com,International,2012-02-01,2025-02-01,121,592
Sri Lanka,themoscowtimes.com,International,2012-02-01,2024-10-01,16,18
Sri Lanka,washingtonpost.com,International,2012-02-01,2024-12-01,100,669
Sri Lanka,wsj.com,International,2012-02-01,2023-03-01,85,221
Tanzania,africanews.com,Regional,2015-12-01,2025-03-01,108,2142
Tanzania,aljazeera.com,International,2012-03-01,2025-02-01,132,433
Tanzania,bbc.com,International,2012-02-01,2025-03-01,144,961
Tanzania,csmonitor.com,International,2012-01-01,2024-10-01,64,111
Tanzania,dailynews.co.tz,Local,2012-01-01,2024-12-01,156,88580
Tanzania,elpais.com,International,2015-05-01,2025-03-01,64,113
Tanzania,france24.com,International,2012-03-01,2024-01-01,116,591
Tanzania,habarileo.co.tz,Local,2012-01-01,2024-07-01,151,69577
Tanzania,ippmedia.com,Local,2012-10-01,2024-12-01,105,27606
Tanzania,jamhurimedia.co.tz,Local,2012-04-01,2024-12-01,126,11817
Tanzania,lefigaro.fr,International,2012-03-01,2025-02-01,111,258
Tanzania,lemonde.fr,International,2013-08-01,2024-11-01,93,202
Tanzania,liberation.fr,International,2012-01-01,2025-03-01,68,122
Tanzania,mtanzania.co.tz,Local,2014-06-01,2024-12-01,126,19138
Tanzania,mzalendo.co.tz,Local,2022-01-01,2025-01-01,36,9200
Tanzania,nytimes.com,International,2012-01-01,2023-07-01,93,180
Tanzania,reuters.com,International,2012-01-01,2023-11-01,142,2875
Tanzania,scmp.com,International,2012-05-01,2025-03-01,83,150
Tanzania,thecitizen.co.tz,Local,2012-01-01,2024-12-01,156,44029
Tanzania,theeastafrican.co.ke,Regional,2012-01-01,2024-11-01,155,6076
Tanzania,theguardian.com,International,2012-06-01,2025-02-01,115,361
Tanzania,themoscowtimes.com,International,2012-08-01,2023-06-01,25,27
Tanzania,washingtonpost.com,International,2012-02-01,2024-01-01,103,341
Tanzania,wsj.com,International,2012-01-01,2023-03-01,79,155
Timor Leste,aljazeera.com,International,2012-03-01,2025-01-01,54,90
Timor Leste,asia.nikkei.com,Regional,2017-07-01,2024-10-01,11,15
Timor Leste,asiatimes.com,Regional,2017-03-01,2024-10-01,19,22
Timor Leste,bbc.com,International,2012-05-01,2024-02-01,86,146
Timor Leste,csmonitor.com,International,2012-03-01,2025-01-01,9,9
Timor Leste,elpais.com,International,2018-10-01,2023-07-01,3,3
Timor Leste,france24.com,International,2012-03-01,2023-11-01,39,81
Timor Leste,indiatimes.com,Regional,2015-09-01,2015-09-01,1,1
Timor Leste,lefigaro.fr,International,2012-03-01,2024-03-01,19,23
Timor Leste,lemonde.fr,International,2017-01-01,2024-09-01,10,16
Timor Leste,liberation.fr,International,2012-03-01,2023-08-01,10,12
Timor Leste,nytimes.com,International,2012-09-01,2023-04-01,19,22
Timor Leste,reuters.com,International,2012-01-01,2023-10-01,109,329
Timor Leste,scmp.com,International,2012-06-01,2025-03-01,66,117
Timor Leste,thediliweekly.com,Local,2012-01-01,2025-03-01,148,1382
Timor Leste,theguardian.com,International,2012-11-01,2024-09-01,47,62
Timor Leste,themoscowtimes.com,International,2014-08-01,2020-05-01,3,3
Timor Leste,washingtonpost.com,International,2013-09-01,2023-10-01,26,42
Timor Leste,wsj.com,International,2012-09-01,2023-11-01,17,18
Tunisia,africanews.com,Regional,2015-12-01,2025-03-01,109,2840
Tunisia,aljazeera.com,International,2012-01-01,2025-03-01,158,1447
Tunisia,assarih.com,Local,2021-04-01,2025-01-01,46,31538
Tunisia,babnet.net,Local,2012-01-01,2025-01-01,157,138951
Tunisia,bbc.com,International,2012-01-01,2025-01-01,155,2256
Tunisia,csmonitor.com,International,2012-01-01,2024-09-01,79,158
Tunisia,elpais.com,International,2015-03-01,2025-03-01,84,254
Tunisia,france24.com,International,2012-01-01,2024-03-01,147,7304
Tunisia,jomhouria.com,Local,2014-01-01,2025-01-01,133,114981
Tunisia,lapresse.tn,Local,2012-02-01,2025-01-01,85,48875
Tunisia,lefigaro.fr,International,2012-01-01,2025-03-01,159,2672
Tunisia,lemonde.fr,International,2012-02-01,2024-11-01,144,1481
Tunisia,liberation.fr,International,2012-01-01,2025-03-01,153,1522
Tunisia,nytimes.com,International,2012-01-01,2023-07-01,112,291
Tunisia,reuters.com,International,2012-01-01,2023-11-01,143,4889
Tunisia,scmp.com,International,2012-01-01,2025-03-01,88,184
Tunisia,theeastafrican.co.ke,Regional,2012-01-01,2024-07-01,90,172
Tunisia,theguardian.com,International,2012-02-01,2025-02-01,116,419
Tunisia,themoscowtimes.com,International,2012-02-01,2023-03-01,26,40
Tunisia,washingtonpost.com,International,2012-01-01,2024-12-01,124,585
Tunisia,wsj.com,International,2012-02-01,2023-10-01,76,141
Turkey,aljazeera.com,International,2012-01-01,2025-03-01,159,7090
Turkey,balkaninsight.com,Regional,2012-01-01,2025-04-01,160,1932
Turkey,bbc.com,International,2012-01-01,2025-03-01,159,10493
Turkey,csmonitor.com,International,2012-01-01,2025-01-01,148,1078
Turkey,diken.com.tr,Local,2013-12-01,2025-04-01,137,173345
Turkey,elpais.com,International,2015-03-01,2025-03-01,112,1131
Turkey,euronews.com,Regional,2012-01-01,2025-03-01,159,18893
Turkey,france24.com,International,2012-01-01,2024-10-01,149,16263
Turkey,iwpr.net,Regional,2012-01-01,2023-11-01,77,130
Turkey,lefigaro.fr,International,2012-01-01,2025-03-01,159,8663
Turkey,lemonde.fr,International,2012-01-01,2025-03-01,153,2470
Turkey,liberation.fr,International,2012-01-01,2025-03-01,158,4006
Turkey,neweasterneurope.eu,Regional,2012-02-01,2024-11-01,51,70
Turkey,nytimes.com,International,2012-01-01,2023-08-01,140,2876
Turkey,posta.com.tr,Local,2012-01-01,2024-05-01,143,581070
Turkey,reuters.com,International,2012-01-01,2023-11-01,143,44140
Turkey,sabah.com.tr,Local,2012-01-01,2025-04-01,160,1134048
Turkey,scmp.com,International,2012-01-01,2025-03-01,158,1767
Turkey,sozcu.com.tr,Local,2012-07-01,2025-05-01,155,537989
Turkey,t24.com.tr,Local,2012-01-01,2025-04-01,160,784679
Turkey,theguardian.com,International,2012-03-01,2025-02-01,143,3242
Turkey,themoscowtimes.com,International,2012-01-01,2025-03-01,152,1304
Turkey,washingtonpost.com,International,2012-01-01,2024-12-01,154,5329
Turkey,wsj.com,International,2012-01-01,2023-12-01,143,2797
Uganda,africanews.com,Regional,2015-12-01,2025-03-01,109,3794
Uganda,aljazeera.com,International,2012-01-01,2025-03-01,154,849
Uganda,bbc.com,International,2012-01-01,2025-03-01,147,1029
Uganda,csmonitor.com,International,2012-01-01,2024-10-01,94,179
Uganda,eagle.co.ug,Local,2014-12-01,2024-12-01,118,13988
Uganda,elpais.com,International,2015-03-01,2025-03-01,62,147
Uganda,france24.com,International,2012-03-01,2024-03-01,137,1118
Uganda,lefigaro.fr,International,2012-02-01,2024-11-01,118,307
Uganda,lemonde.fr,International,2012-07-01,2024-11-01,103,312
Uganda,liberation.fr,International,2012-02-01,2024-09-01,76,152
Uganda,monitor.co.ug,Local,2012-01-01,2024-10-01,154,59106
Uganda,newvision.co.ug,Local,2012-01-01,2024-06-01,130,43605
Uganda,nilepost.co.ug,Local,2017-08-01,2024-12-01,88,37714
Uganda,nytimes.com,International,2012-01-01,2023-08-01,107,243
Uganda,observer.ug,Local,2012-01-01,2025-01-01,157,28550
Uganda,reuters.com,International,2012-02-01,2023-11-01,142,4052
Uganda,scmp.com,International,2012-02-01,2025-03-01,93,175
Uganda,sunrise.ug,Local,2012-02-01,2024-12-01,143,3955
Uganda,theeastafrican.co.ke,Regional,2012-01-01,2024-11-01,155,7509
Uganda,theguardian.com,International,2012-01-01,2025-02-01,131,569
Uganda,themoscowtimes.com,International,2012-05-01,2024-10-01,16,17
Uganda,washingtonpost.com,International,2012-02-01,2024-12-01,116,510
Uganda,wsj.com,International,2012-02-01,2023-06-01,89,171
Ukraine,aljazeera.com,International,2012-01-01,2025-03-01,159,8362
Ukraine,balkaninsight.com,Regional,2012-01-01,2025-04-01,151,1191
Ukraine,bbc.com,International,2012-01-01,2025-03-01,159,48012
Ukraine,csmonitor.com,International,2012-02-01,2025-02-01,133,1750
Ukraine,delo.ua,Local,2012-01-01,2025-04-01,160,127174
Ukraine,elpais.com,International,2015-02-01,2025-03-01,98,2132
Ukraine,euronews.com,Regional,2012-01-01,2025-02-01,158,35924
Ukraine,france24.com,International,2012-01-01,2024-10-01,146,17931
Ukraine,interfax.com.ua,Local,2012-01-01,2025-04-01,160,418808
Ukraine,iwpr.net,Regional,2012-01-01,2024-07-01,84,746
Ukraine,kp.ua,Local,2012-01-01,2025-05-01,161,185578
Ukraine,kyivindependent.com,Local,2021-11-01,2025-04-01,42,25080
Ukraine,kyivpost.com,Local,2012-01-01,2022-01-01,121,157461
Ukraine,lefigaro.fr,International,2012-01-01,2025-03-01,159,16234
Ukraine,lemonde.fr,International,2012-05-01,2025-03-01,143,4490
Ukraine,liberation.fr,International,2012-01-01,2025-03-01,153,5058
Ukraine,neweasterneurope.eu,Regional,2012-01-01,2025-03-01,149,1382
Ukraine,nytimes.com,International,2012-01-01,2023-08-01,135,6836
Ukraine,pravda.com.ua,Local,2012-01-01,2025-04-01,160,293068
Ukraine,reuters.com,International,2012-01-01,2023-11-01,143,51050
Ukraine,scmp.com,International,2012-01-01,2025-03-01,156,5564
Ukraine,theguardian.com,International,2012-03-01,2025-02-01,134,9263
Ukraine,themoscowtimes.com,International,2012-01-01,2025-03-01,159,15518
Ukraine,washingtonpost.com,International,2012-03-01,2024-12-01,144,10319
Ukraine,wsj.com,International,2012-01-01,2024-04-01,135,4473
Uzbekistan,aljazeera.com,International,2012-04-01,2024-12-01,93,207
Uzbekistan,anhor.uz,Local,2014-02-01,2025-04-01,135,32224
Uzbekistan,asiaterra.info,Local,2014-06-01,2025-04-01,121,1599
Uzbekistan,balkaninsight.com,Regional,2015-08-01,2024-10-01,14,15
Uzbekistan,batafsil.uz,Local,2017-04-01,2023-04-01,45,2792
Uzbekistan,bbc.com,International,2012-01-01,2024-08-01,136,1026
Uzbekistan,csmonitor.com,International,2012-01-01,2024-07-01,23,24
Uzbekistan,daryo.uz,Local,2013-01-01,2025-04-01,145,152280
Uzbekistan,elpais.com,International,2016-03-01,2024-08-01,17,22
Uzbekistan,euronews.com,Regional,2012-04-01,2025-02-01,129,915
Uzbekistan,fergana.ru,Local,2018-01-01,2023-11-01,62,8517
Uzbekistan,france24.com,International,2012-05-01,2024-02-01,81,335
Uzbekistan,gazeta.uz,Local,2012-01-01,2025-04-01,160,48039
Uzbekistan,iwpr.net,Regional,2012-01-01,2024-06-01,86,203
Uzbekistan,kun.uz,Local,2015-06-01,2025-04-01,119,285916
Uzbekistan,lefigaro.fr,International,2012-01-01,2025-03-01,106,200
Uzbekistan,lemonde.fr,International,2014-04-01,2024-10-01,52,85
Uzbekistan,liberation.fr,International,2012-01-01,2025-01-01,51,89
Uzbekistan,neweasterneurope.eu,Regional,2013-06-01,2021-12-01,23,27
Uzbekistan,nytimes.com,International,2012-01-01,2023-05-01,67,132
Uzbekistan,podrobno.uz,Local,2012-01-01,2023-09-01,141,46513
Uzbekistan,reuters.com,International,2012-01-01,2023-11-01,143,1532
Uzbekistan,scmp.com,International,2012-05-01,2025-03-01,61,116
Uzbekistan,sof.uz,Local,2016-01-01,2023-09-01,91,31014
Uzbekistan,theguardian.com,International,2013-10-01,2025-02-01,60,118
Uzbekistan,themoscowtimes.com,International,2012-01-01,2025-01-01,123,324
Uzbekistan,washingtonpost.com,International,2012-03-01,2023-05-01,59,107
Uzbekistan,wsj.com,International,2013-02-01,2023-09-01,54,98
Zambia,africanews.com,Regional,2015-12-01,2025-02-01,104,1578
Zambia,aljazeera.com,International,2012-01-01,2025-03-01,97,195
Zambia,bbc.com,International,2012-01-01,2024-12-01,118,398
Zambia,csmonitor.com,International,2012-05-01,2024-10-01,30,35
Zambia,dailynationzambia.com,Local,2012-05-01,2025-05-01,91,23420
Zambia,diggers.news,Local,2016-10-01,2025-05-01,104,30442
Zambia,elpais.com,International,2015-06-01,2023-10-01,29,37
Zambia,france24.com,International,2012-01-01,2024-02-01,96,437
Zambia,lefigaro.fr,International,2012-01-01,2025-01-01,82,136
Zambia,lemonde.fr,International,2013-04-01,2024-11-01,55,95
Zambia,liberation.fr,International,2012-02-01,2024-08-01,34,48
Zambia,lusakatimes.com,Local,2012-01-01,2025-05-01,161,60301
Zambia,lusakavoice.com,Local,2012-11-01,2023-10-01,40,21813
Zambia,mwebantu.com,Local,2017-01-01,2025-05-01,101,9241
Zambia,nytimes.com,International,2012-02-01,2023-08-01,56,78
Zambia,openzambia.com,Local,2014-01-01,2025-05-01,99,4066
Zambia,reuters.com,International,2012-01-01,2023-11-01,142,2160
Zambia,scmp.com,International,2012-02-01,2025-03-01,76,133
Zambia,theeastafrican.co.ke,Regional,2012-02-01,2024-11-01,140,709
Zambia,theguardian.com,International,2013-06-01,2025-02-01,94,196
Zambia,themoscowtimes.com,International,2012-10-01,2023-05-01,4,5
Zambia,washingtonpost.com,International,2012-04-01,2024-08-01,70,121
Zambia,wsj.com,International,2012-02-01,2023-10-01,60,81
Zambia,zambianewsnetwork.com,Local,2021-05-01,2024-08-01,40,3406
Zambia,zambianobserver.com,Local,2020-03-01,2025-05-01,62,42340
Zimbabwe,africanews.com,Regional,2015-12-01,2025-03-01,109,2948
Zimbabwe,aljazeera.com,International,2012-01-01,2025-02-01,150,986
Zimbabwe,bbc.com,International,2012-06-01,2025-03-01,132,1326
Zimbabwe,chronicle.co.zw,Local,2012-01-01,2025-01-01,156,85823
Zimbabwe,csmonitor.com,International,2012-02-01,2025-02-01,88,217
Zimbabwe,elpais.com,International,2015-07-01,2025-01-01,42,79
Zimbabwe,france24.com,International,2012-02-01,2024-03-01,117,1621
Zimbabwe,herald.co.zw,Local,2012-01-01,2025-01-01,157,98964
Zimbabwe,lefigaro.fr,International,2012-01-01,2025-01-01,116,431
Zimbabwe,lemonde.fr,International,2014-10-01,2024-10-01,88,292
Zimbabwe,liberation.fr,International,2012-02-01,2025-01-01,65,318
Zimbabwe,newsday.co.zw,Local,2012-01-01,2025-01-01,155,86909
Zimbabwe,newzimbabwevision.com,Local,2015-06-01,2024-10-01,108,9595
Zimbabwe,nytimes.com,International,2012-01-01,2023-08-01,128,450
Zimbabwe,reuters.com,International,2012-01-01,2023-11-01,143,3798
Zimbabwe,scmp.com,International,2012-02-01,2025-03-01,110,314
Zimbabwe,theeastafrican.co.ke,Regional,2012-02-01,2024-11-01,132,965
Zimbabwe,theguardian.com,International,2012-04-01,2025-02-01,121,628
Zimbabwe,theindependent.co.zw,Local,2012-02-01,2023-07-01,138,14811
Zimbabwe,themoscowtimes.com,International,2012-02-01,2025-01-01,27,33
Zimbabwe,thestandard.co.zw,Local,2012-01-01,2025-01-01,157,16379
Zimbabwe,thezimbabwean.co,Local,2012-01-01,2025-01-01,157,28349
Zimbabwe,washingtonpost.com,International,2012-03-01,2024-11-01,132,1381
Zimbabwe,wsj.com,International,2012-03-01,2023-12-01,106,341
Zimbabwe,zimbabwesituation.com,Local,2013-08-01,2025-01-01,138,78311
Zimbabwe,zimlive.com,Local,2017-02-01,2025-01-01,79,5765
